,食物成分表,,,,,,,,,,,,,,,,,,
序号,名  称,可食部分,能量,水分,蛋白质,脂肪,膳食纤维,碳水化物,维生素A,维生素B1,维生素B2,烟酸,维生素E,钠,钙,铁,类别,维生素C,胆固醇
44,米饭,100,114,71.0999984741211,2.5,0.200000002980232,0.400000005960464,25.6000003814697,0,0.0199999995529652,0.0299999993294477,1.70000004768372,0,1.70000004768372,6,0.300000011920929,11,0,0
21,方便面,100,472,3.59999990463257,9.5,21.1000003814697,0.699999988079071,60.9000015258789,0,0.119999997317791,0.0599999986588955,0.899999976158142,2.27999997138977,1144,25,4.09999990463257,11,0,0
25,挂面,100,344,12.3999996185303,10.1000003814697,0.699999988079071,1.60000002384186,74.4000015258789,0,0.189999997615814,0.0399999991059303,2.5,1.11000001430511,15,14,3.5,11,0,0
29,花卷,100,217,45.7000007629395,6.40000009536743,1,0,45.5999984741211,0,0.0199999995529652,0.0199999995529652,1.10000002384186,0,95,19,0.400000005960464,11,0,0
31,煎饼,100,333,6.80000019073486,7.59999990463257,0.699999988079071,9.10000038146973,74.6999969482422,0,0.100000001490116,0.0399999991059303,0.200000002980232,0,85.5,9,7,11,0,0
34,烙饼,100,255,36.4000015258789,7.5,2.29999995231628,1.89999997615814,51,0,0.0199999995529652,0.0399999991059303,0,1.02999997138977,149.300003051758,20,2.40000009536743,11,0,0
35,馒头,100,233,40.5,7.80000019073486,1,1.5,48.2999992370605,0,0.0500000007450581,0.0700000002980232,0,0.860000014305115,165.199996948242,18,1.89999997615814,11,0,0
43,面条,100,280,29.7000007629395,8.5,1.60000002384186,1.5,58,0,0.349999994039536,0.100000001490116,3.09999990463257,0.469999998807907,3.40000009536743,13,2.59999990463257,11,0,0
46,米粉,100,346,12.3000001907349,8,0.100000001490116,0.100000001490116,78.1999969482422,0,0.0299999993294477,0,0.200000002980232,0,5.90000009536743,0,1.39999997615814,11,0,0
48,米粥,100,46,88.5999984741211,1.10000002384186,0.300000011920929,0.100000001490116,9.80000019073486,0,0,0.0299999993294477,0.200000002980232,0,2.79999995231628,7,0.100000001490116,11,0,0
51,糯米,100,344,14.1999998092651,9,1,0.600000023841858,74.6999969482422,0,0.100000001490116,0.0299999993294477,1.89999997615814,0.930000007152557,1.20000004768372,8,0.800000011920929,11,0,0
57,荞麦,100,324,13,9.30000019073486,2.29999995231628,6.5,66.5,3,0.280000001192093,0.159999996423721,2.20000004768372,4.40000009536743,4.69999980926514,47,6.19999980926514,11,0,0
58,青稞,100,298,12.1000003814697,10.1999998092651,1.20000004768372,13.3999996185303,61.5999984741211,0,0.319999992847443,0.209999993443489,3.59999990463257,1.25,0,0,0,11,0,0
59,烧饼（糖）,100,302,25.8999996185303,8,2.09999990463257,0,62.7000007629395,0,0,0.00999999977648258,1.10000002384186,0.389999985694885,62.5,51,1.60000002384186,11,0,0
60,沙子面,100,362,10.6000003814697,9.89999961853027,1.10000002384186,0,78.1999969482422,0,0.00999999977648258,0.0799999982118607,1.10000002384186,0,0,19,0.899999976158142,11,0,0
61,通心面（通心粉）,100,350,11.8000001907349,11.8999996185303,0.100000001490116,0.400000005960464,75.4000015258789,0,0.119999997317791,0.0299999993294477,1,0,35,14,2.59999990463257,11,0,0
62,五谷香,100,377,5.59999990463257,9.89999961853027,2.59999990463257,0.5,78.4000015258789,0,0.109999999403954,0.189999997615814,0,2.30999994277954,1,2,0.5,11,0,0
69,小米粥,100,46,89.3000030517578,1.39999997615814,0.699999988079071,0,8.39999961853027,0,0.0199999995529652,0.0700000002980232,0.899999976158142,0.259999990463257,4.09999990463257,10,1,11,0,0
70,燕麦片,100,367,9.19999980926514,15,6.69999980926514,5.30000019073486,61.5999984741211,0,0.300000011920929,0.129999995231628,1.20000004768372,3.0699999332428,3.70000004768372,186,7,11,0,0
71,薏米（薏苡回回米）,100,357,11.1999998092651,12.8000001907349,3.29999995231628,2,69.0999984741211,0,0.219999998807907,0.150000005960464,2,2.07999992370605,3.59999990463257,42,3.59999990463257,11,0,0
72,油饼,100,399,24.7999992370605,7.90000009536743,22.8999996185303,2,40.4000015258789,0,0.109999999403954,0.0500000007450581,0,0,572.5,46,2.29999995231628,11,0,0
73,莜麦面,100,385,11,12.1999998092651,7.19999980926514,0,67.8000030517578,3,0.389999985694885,0.0399999991059303,3.90000009536743,7.96000003814697,2.20000004768372,27,13.6000003814697,11,0,0
74,油条,100,386,21.7999992370605,6.90000009536743,17.6000003814697,0.899999976158142,50.0999984741211,0,0.00999999977648258,0.0700000002980232,0.699999988079071,3.19000005722046,585.200012207031,6,1,11,0,0
75,玉米（白，包谷）,100,336,11.6999998092651,8.80000019073486,3.79999995231628,8,66.6999969482422,0,0.270000010728836,0.0700000002980232,2.29999995231628,8.22999954223633,2.5,10,2.20000004768372,11,0,0
76,玉米（黄，包谷）,100,335,13.1999998092651,8.69999980926514,3.79999995231628,6.40000009536743,66.5999984741211,17,0.209999993443489,0.129999995231628,2.5,3.89000010490417,3.29999995231628,14,2.40000009536743,11,0,0
78,玉米罐头（玉米笋）,100,4,93,1.10000002384186,0.200000002980232,4.90000009536743,0,7,0,0,0,0,170.899993896484,6,0.100000001490116,11,0,0
79,玉米面（白）,100,340,13.3999996185303,8,4.5,6.19999980926514,66.9000015258789,0,0.340000003576279,0.0599999986588955,3,6.8899998664856,0.5,12,1.29999995231628,11,0,0
80,玉米面（黄）,100,340,12.1000003814697,8.10000038146973,3.29999995231628,5.59999990463257,69.5999984741211,7,0.259999990463257,0.0900000035762787,2.29999995231628,3.79999995231628,2.29999995231628,22,3.20000004768372,11,0,0
81,玉米面（黄豆玉米面）,100,339,13.6000003814697,11.8000001907349,4.90000009536743,6.40000009536743,61.9000015258789,0,0.209999993443489,0.0399999991059303,3.09999990463257,7.13000011444092,1.60000002384186,18,3.40000009536743,11,0,0
83,玉米粥（即食）,100,390,6.30000019073486,7.19999980926514,3.70000004768372,0.400000005960464,81.9000015258789,0,0.0199999995529652,0.0299999993294477,2.20000004768372,0.0799999982118607,1.70000004768372,11,9,11,0,0
84,糍粑（稞麦（熟品））,100,257,49.2999992370605,4.09999990463257,13.1000003814697,1.79999995231628,30.7000007629395,0,0.0500000007450581,0.150000005960464,1.89999997615814,2.6800000667572,8.89999961853027,71,13.8999996185303,11,0,0
85,扁豆,100,326,9.89999961853027,25.2999992370605,0.400000005960464,6.5,55.4000015258789,5,0.259999990463257,0.449999988079071,2.59999990463257,1.86000001430511,2.29999995231628,137,19.2000007629395,21,0,0
86,扁豆（白）,100,256,19.3999996185303,19,1.29999995231628,13.3999996185303,42.2000007629395,0,0.330000013113022,0.109999999403954,1.20000004768372,0.889999985694885,1,68,4,21,0,0
87,蚕豆（去皮）,100,304,11.5,24.6000003814697,1.10000002384186,10.8999996185303,49,8,0.129999995231628,0.230000004172325,2.20000004768372,4.90000009536743,21.2000007629395,49,2.90000009536743,21,0,0
88,蚕豆（带皮）,93,342,11.3000001907349,25.3999996185303,1.60000002384186,2.5,56.4000015258789,50,0.200000002980232,0.200000002980232,2.5,6.67999982833862,2.20000004768372,54,2.5,21,0,0
89,臭干,100,99,77.9000015258789,10.1999998092651,4.59999990463257,0.400000005960464,4.09999990463257,0,0.0199999995529652,0.109999999403954,0.100000001490116,0,33.7999992370605,720,4.19999980926514,21,0,0
91,豆腐,100,81,82.8000030517578,8.10000038146973,3.70000004768372,0.400000005960464,3.79999995231628,0,0.0399999991059303,0.0299999993294477,0.200000002980232,2.71000003814697,7.19999980926514,164,1.89999997615814,21,0,0
95,豆腐干,100,140,65.1999969482422,16.2000007629395,3.59999990463257,0.800000011920929,10.6999998092651,0,0.0299999993294477,0.0700000002980232,0.300000011920929,0,76.5,308,4.90000009536743,21,0,0
101,豆腐花,100,401,1.60000002384186,10,2.59999990463257,0,84.3000030517578,42,0.0199999995529652,0.0299999993294477,0.400000005960464,5,0,175,3.29999995231628,21,0,0
103,豆腐卷,100,201,61.5999984741211,17.8999996185303,11.6000003814697,1,6.19999980926514,30,0.0199999995529652,0.0399999991059303,0.400000005960464,27.6299991607666,0,156,6.09999990463257,21,0,0
104,豆腐脑（老豆腐）,100,10,97.8000030517578,1.89999997615814,0.800000011920929,0,0,6,0.0399999991059303,0.0199999995529652,0.400000005960464,10.460000038147,2.79999995231628,18,0.899999976158142,21,0,0
113,豆奶,100,30,94,2.40000009536743,1.5,0,1.79999995231628,0,0.0199999995529652,0.0599999986588955,0.300000011920929,4.5,3.20000004768372,23,0.600000023841858,21,0,0
114,豆沙,100,243,39.2000007629395,5.5,1.89999997615814,1.70000004768372,51,0,0.0299999993294477,0.0500000007450581,0.300000011920929,4.36999988555908,23.5,42,8,21,0,0
115,腐乳（白）,100,133,68.3000030517578,10.8999996185303,8.19999980926514,0.899999976158142,3.90000009536743,22,0.0299999993294477,0.0399999991059303,1,8.39999961853027,2460,61,3.79999995231628,21,0,0
121,腐竹,100,459,7.90000009536743,44.5999984741211,21.7000007629395,1,21.2999992370605,0,0.129999995231628,0.0700000002980232,0.800000011920929,27.8400001525879,26.5,77,16.5,21,0,0
123,高蛋白豆米粉,100,414,2,16.5,7.09999990463257,0,71,0,1.10000002384186,0.680000007152557,0,0,0,0,0,21,0,0
124,黑豆（黑大豆）,100,381,9.89999961853027,36.0999984741211,15.8999996185303,10.1999998092651,23.2999992370605,5,0.200000002980232,0.330000013113022,2,17.3600006103516,3,224,7,21,0,0
125,红豆馅,100,240,35.9000015258789,4.80000019073486,3.59999990463257,7.90000009536743,47.2000007629395,0,0.0399999991059303,0.0500000007450581,1.70000004768372,9.17000007629395,3.29999995231628,2,1,21,0,0
126,花豆（红）,100,317,14.8000001907349,19.1000003814697,1.29999995231628,5.5,57.2000007629395,72,0.25,0,3,6.13000011444092,12.5,38,0.300000011920929,21,0,0
127,花豆（紫）,97,315,13.1999998092651,17.2000007629395,1.39999997615814,7.40000009536743,58.4000015258789,47,0.140000000596046,0,2.70000004768372,9.64000034332275,19.6000003814697,221,5.90000009536743,21,0,0
128,黄豆（大豆）,100,359,10.1999998092651,35.0999984741211,16,15.5,18.6000003814697,37,0.409999996423721,0.200000002980232,2.09999990463257,18.8999996185303,2.20000004768372,191,8.19999980926514,21,0,0
129,黄豆粉,100,418,6.69999980926514,32.7999992370605,18.2999992370605,7,30.5,63,0.310000002384186,0.219999998807907,2.5,33.689998626709,3.59999990463257,207,8.10000038146973,21,0,0
131,豇豆,100,322,10.8999996185303,19.2999992370605,1.20000004768372,7.09999990463257,58.5,10,0.159999996423721,0.0799999982118607,1.89999997615814,8.60999965667725,6.80000019073486,40,7.09999990463257,21,0,0
132,绿豆,100,316,12.3000001907349,21.6000003814697,0.800000011920929,6.40000009536743,55.5999984741211,22,0.25,0.109999999403954,2,10.9499998092651,3.20000004768372,81,6.5,21,0,0
133,绿豆饼（饼折）,100,122,69.6999969482422,15.1999998092651,1.20000004768372,0,12.6999998092651,0,0.0700000002980232,0.0199999995529652,0,0,3.09999990463257,18,1,21,0,0
134,绿豆面,100,330,9.60000038146973,20.7999992370605,0.699999988079071,5.80000019073486,60,15,0.449999988079071,0.119999997317791,0.699999988079071,0,3.29999995231628,134,8.10000038146973,21,0,0
135,卤干,100,336,32.4000015258789,14.5,16.7000007629395,1.60000002384186,31.7999992370605,0,0.0299999993294477,0.140000000596046,0.200000002980232,0,40.9000015258789,731,3.90000009536743,21,0,0
136,眉豆（饭豇豆）,100,320,12,18.6000003814697,1.10000002384186,6.59999990463257,59,0,0.150000005960464,0.180000007152557,2.09999990463257,12.289999961853,86.5,60,5.5,21,0,0
137,脑豆,100,360,10.6999998092651,23.3999996185303,3.79999995231628,1.5,58.0999984741211,0,0.349999994039536,0.280000001192093,2.90000009536743,19.2099990844727,12,327,7.69999980926514,21,0,0
139,蒲包干,100,135,72.5,12.1000003814697,5.69999980926514,0,8.89999961853027,0,0.0199999995529652,0.00999999977648258,0,14.0900001525879,633.099975585938,134,9.10000038146973,21,0,0
140,千张（百页）,100,260,52,24.5,16,1,4.5,5,0.0399999991059303,0.0500000007450581,0.200000002980232,23.3799991607666,20.6000003814697,313,6.40000009536743,21,0,0
141,青豆,100,373,9.5,34.5999984741211,16,12.6000003814697,22.7000007629395,132,0.409999996423721,0.180000007152557,3,10.0900001525879,1.79999995231628,200,8.39999961853027,21,0,0
142,酸豆乳,100,67,84.5,2.20000004768372,1.20000004768372,0,11.8000001907349,0,0.0599999986588955,0,0.699999988079071,1.11000001430511,18.6000003814697,32,0.400000005960464,21,0,0
143,素大肠,100,153,63,18.1000003814697,3.59999990463257,1,12,0,0.0199999995529652,0.0199999995529652,0.100000001490116,0,144.699996948242,445,3.79999995231628,21,0,0
144,素火腿,100,211,55,19.1000003814697,13.1999998092651,0.899999976158142,3.90000009536743,0,0.00999999977648258,0.0299999993294477,0.100000001490116,25.9899997711182,675.900024414062,8,7.30000019073486,21,0,0
145,素鸡,100,192,64.3000030517578,16.5,12.5,0.899999976158142,3.29999995231628,10,0.0199999995529652,0.0299999993294477,0.400000005960464,17.7999992370605,373.799987792969,319,5.30000019073486,21,0,0
146,素虾（炸）,100,576,3.40000009536743,27.6000003814697,44.4000015258789,2.70000004768372,16.6000003814697,0,0.0399999991059303,0.0199999995529652,1.60000002384186,50.7900009155273,1440.30004882812,251,6.30000019073486,21,0,0
147,素鸡丝卷,100,186,63.5,11.1999998092651,13.6999998092651,5.59999990463257,4.5,5,0.0299999993294477,0.0399999991059303,0.5,27.7199993133545,0,103,6,21,0,0
148,素什锦,100,173,65.3000030517578,14,10.1999998092651,2,6.30000019073486,0,0.0700000002980232,0.0399999991059303,0.5,9.51000022888184,475.100006103516,174,6,21,0,0
149,酥香兰花豆,100,416,9.19999980926514,12.8000001907349,13.6000003814697,1.20000004768372,60.5,0,0.259999990463257,0.170000001788139,1.5,8.13000011444092,109.800003051758,59,2.29999995231628,21,0,0
150,豌豆,100,313,10.3999996185303,20.2999992370605,1.10000002384186,10.3999996185303,55.4000015258789,42,0.490000009536743,0.140000000596046,2.40000009536743,8.47000026702881,9.69999980926514,97,4.90000009536743,21,0,0
151,豌豆（花）,100,322,11.5,21.6000003814697,1,6.90000009536743,56.7000007629395,40,0.680000007152557,0.219999998807907,2.40000009536743,9.63000011444092,3.20000004768372,106,4.40000009536743,21,0,0
152,小豆（红，红小豆）,100,309,12.6000003814697,20.2000007629395,0.600000023841858,7.69999980926514,55.7000007629395,13,0.159999996423721,0.109999999403954,2,14.3599996566772,2.20000004768372,74,7.40000009536743,21,0,0
153,油豆腐（豆腐泡）,100,244,58.7999992370605,17,17.6000003814697,0.600000023841858,4.30000019073486,5,0.0500000007450581,0.0399999991059303,0.300000011920929,24.7000007629395,32.5,147,5.19999980926514,21,0,0
156,芸豆（白）,100,296,14.3999996185303,23.3999996185303,1.39999997615814,9.80000019073486,47.4000015258789,0,0.180000007152557,0.259999990463257,2.40000009536743,6.15999984741211,0,0,0,21,0,0
160,杂豆,100,316,11.3999996185303,8.19999980926514,1,6.80000019073486,68.5999984741211,0,0,0,0,0,0,0,0,21,0,0
161,枝竹,100,472,6.90000009536743,44.5,24.7000007629395,2.70000004768372,18,0,0.109999999403954,0.0700000002980232,0.899999976158142,26.7800006866455,83,49,10.8000001907349,21,0,0
162,扁豆（鲜）,91,37,88.3000030517578,2.70000004768372,0.200000002980232,2.09999990463257,6.09999990463257,25,0.0399999991059303,0.0700000002980232,0.899999976158142,0.239999994635582,3.79999995231628,38,1.89999997615814,22,13,0
163,蚕豆（鲜）,31,104,70.1999969482422,8.80000019073486,0.400000005960464,3.09999990463257,16.3999996185303,52,0.370000004768372,0.100000001490116,1.5,0.829999983310699,4,16,3.5,22,16,0
164,刀豆,92,35,89,3.09999990463257,0.200000002980232,1.79999995231628,5.30000019073486,37,0.0500000007450581,0.0700000002980232,1,0.310000002384186,5.90000009536743,48,3.20000004768372,22,15,0
165,豆角,96,30,90,2.5,0.200000002980232,2.09999990463257,4.59999990463257,33,0.0500000007450581,0.0700000002980232,0.899999976158142,2.24000000953674,3.40000009536743,29,1.5,22,18,0
167,发芽豆,83,128,66.0999984741211,12.3999996185303,0.699999988079071,1.29999995231628,18.1000003814697,0,0.300000011920929,0.170000001788139,2.29999995231628,2.79999995231628,3.90000009536743,41,5,22,4,0
168,荷兰豆,88,27,91.9000015258789,2.5,0.300000011920929,1.39999997615814,3.5,80,0.0900000035762787,0.0399999991059303,0.699999988079071,0.300000011920929,8.80000019073486,51,0.899999976158142,22,16,0
169,黄豆芽,100,44,88.8000030517578,4.5,1.60000002384186,1.5,3,5,0.0399999991059303,0.0700000002980232,0.600000023841858,0.800000011920929,7.19999980926514,21,0.899999976158142,22,8,0
170,豇豆（鲜）,97,29,90.3000030517578,2.90000009536743,0.300000011920929,2.29999995231628,3.59999990463257,42,0.0700000002980232,0.0900000035762787,1.39999997615814,4.3899998664856,2.20000004768372,27,0.5,22,19,0
172,绿豆芽,100,18,94.5999984741211,2.09999990463257,0.100000001490116,0.800000011920929,2.09999990463257,3,0.0500000007450581,0.0599999986588955,0.5,0.189999997615814,4.40000009536743,9,0.600000023841858,22,6,0
173,垅船豆,82,34,90.3000030517578,2,0.400000005960464,1.29999995231628,5.5,13,0.0399999991059303,0.0199999995529652,0.300000011920929,0.899999976158142,0.899999976158142,37,1.29999995231628,22,13,0
174,龙豆,98,32,90,3.70000004768372,0.5,1.89999997615814,3.09999990463257,87,0.0399999991059303,0.0599999986588955,1,0.769999980926514,4.09999990463257,147,1.29999995231628,22,11,0
175,龙牙豆（玉豆）,93,17,94.4000015258789,2.59999990463257,0.200000002980232,1.29999995231628,1.10000002384186,87,0.00999999977648258,0.540000021457672,0.800000011920929,0,1.79999995231628,30,0.800000011920929,22,12,0
176,毛豆（青豆）,53,123,69.5999984741211,13.1000003814697,5,4,6.5,22,0.150000005960464,0.0700000002980232,1.39999997615814,2.44000005722046,3.90000009536743,135,3.5,22,27,0
177,四季豆（菜豆）,96,28,91.3000030517578,2,0.400000005960464,1.5,4.19999980926514,35,0.0399999991059303,0.0700000002980232,0.400000005960464,1.24000000953674,8.60000038146973,42,1.5,22,6,0
178,豌豆（鲜）,42,105,70.1999969482422,7.40000009536743,0.300000011920929,3,18.2000007629395,37,0.430000007152557,0.0900000035762787,2.29999995231628,1.21000003814697,1.20000004768372,21,1.70000004768372,22,14,0
179,豌豆苗,98,29,92.6999969482422,3.09999990463257,0.600000023841858,0,2.79999995231628,0,0,0,0,0,26.2999992370605,59,1.79999995231628,22,0,0
180,油豆角（多花菜豆）,99,22,92.1999969482422,2.40000009536743,0.300000011920929,1.60000002384186,2.29999995231628,27,0.0700000002980232,0.0799999982118607,1.39999997615814,2.39000010490417,3.29999995231628,69,1.89999997615814,22,11,0
181,芸豆（鲜）,96,25,91.0999984741211,0.800000011920929,0.100000001490116,2.09999990463257,5.30000019073486,40,0.330000013113022,0.0599999986588955,0.800000011920929,0.0700000002980232,4,88,1,22,9,0
182,百合,82,162,56.7000007629395,3.20000004768372,0.100000001490116,1.70000004768372,37.0999984741211,0,0.0199999995529652,0.0399999991059303,0.699999988079071,0,6.69999980926514,11,1,33,18,0
183,百合（干）,100,342,10.3000001907349,6.69999980926514,0.5,1.70000004768372,77.8000030517578,0,0.0500000007450581,0.0900000035762787,0.899999976158142,0,37.2999992370605,32,5.90000009536743,33,0,0
184,百合（脱水）,100,343,9.89999961853027,8.10000038146973,0.100000001490116,1.70000004768372,77.4000015258789,0,0,0.0199999995529652,1.10000002384186,0,69.8000030517578,29,5,33,7,0
185,荸荠（马蹄，地栗）,78,59,83.5999984741211,1.20000004768372,0.200000002980232,1.10000002384186,13.1000003814697,3,0.0199999995529652,0.0199999995529652,0.699999988079071,0.649999976158142,15.6999998092651,4,0.600000023841858,33,7,0
186,慈菇（乌芋白地果）,89,94,73.5999984741211,4.59999990463257,0.200000002980232,1.39999997615814,18.5,0,0.140000000596046,0.0700000002980232,1.60000002384186,2.16000008583069,39.0999984741211,14,2.20000004768372,33,4,0
187,甘薯（红心，山芋红薯）,90,99,73.4000015258789,1.10000002384186,0.200000002980232,1.60000002384186,23.1000003814697,125,0.0399999991059303,0.0399999991059303,0.600000023841858,0.280000001192093,28.5,23,0.5,33,26,0
188,甘薯（白心，红皮山芋）,86,104,72.5999984741211,1.39999997615814,0.200000002980232,1,24.2000007629395,37,0.0700000002980232,0.0399999991059303,0.600000023841858,0.430000007152557,58.2000007629395,24,0.800000011920929,33,24,0
189,甘薯粉（地瓜粉）,100,336,14.5,2.70000004768372,0.200000002980232,0.100000001490116,80.8000030517578,3,0.0299999993294477,0.0500000007450581,0.200000002980232,26.3999996185303,26.3999996185303,33,10,33,0,0
190,甘薯片（白薯干）,100,340,12.1000003814697,4.69999980926514,0.800000011920929,2,78.5,25,0.150000005960464,0.109999999403954,1.10000002384186,0.379999995231628,26.3999996185303,112,3.70000004768372,33,9,0
191,胡萝卜（红）,96,37,89.1999969482422,1,0.200000002980232,1.10000002384186,7.69999980926514,688,0.0399999991059303,0.0299999993294477,0.600000023841858,0.409999996423721,71.4000015258789,32,1,33,13,0
192,胡萝卜（黄）,97,43,87.4000015258789,1.39999997615814,0.200000002980232,1.29999995231628,8.89999961853027,668,0.0399999991059303,0.0399999991059303,0.200000002980232,0,25.1000003814697,32,0.5,33,16,0
193,胡萝卜（脱水）,100,320,10.8999996185303,4.19999980926514,1.89999997615814,6.40000009536743,71.5,2875,0.119999997317791,0.150000005960464,2.59999990463257,0,300.700012207031,458,8.5,33,32,0
194,茭笋,77,25,91.0999984741211,1.70000004768372,0.200000002980232,2,4.19999980926514,0,0.0500000007450581,0.0399999991059303,0.800000011920929,0.419999986886978,39.7999992370605,2,0.5,33,12,0
195,姜,95,41,87,1.29999995231628,0.600000023841858,2.70000004768372,7.59999990463257,28,0.0199999995529652,0.0299999993294477,0.800000011920929,0,14.8999996185303,27,1.39999997615814,33,4,0
196,姜（干）,95,273,14.8999996185303,9.10000038146973,5.69999980926514,17.7000007629395,46.2999992370605,0,0,0.100000001490116,0,0.00999999977648258,9.89999961853027,62,0,33,0,0
197,姜（子姜，嫩姜）,82,19,94.5,0.699999988079071,0.600000023841858,0.899999976158142,2.79999995231628,0,0,0.00999999977648258,0.300000011920929,0,1.89999997615814,9,0.800000011920929,33,2,0
198,芥菜头（大头菜水芥）,83,33,89.5999984741211,1.89999997615814,0.200000002980232,1.39999997615814,6,0,0.0599999986588955,0.0199999995529652,0.600000023841858,0.200000002980232,65.5999984741211,65,0.800000011920929,33,34,0
199,洋姜（洋生姜，菊芋）,100,56,80.8000030517578,2.40000009536743,0,4.30000019073486,11.5,0,0.00999999977648258,0.00999999977648258,1.39999997615814,0,11.5,23,7.19999980926514,33,0,0
200,玉兰片,100,43,78,2.59999990463257,0.400000005960464,11.3000001907349,7.30000019073486,0,0.0399999991059303,0.0700000002980232,0.100000001490116,1.89999997615814,1.89999997615814,42,3.59999990463257,33,1,0
201,芋头（芋艿，毛芋）,84,79,78.5999984741211,2.20000004768372,0.200000002980232,1,17.1000003814697,27,0.0599999986588955,0.0500000007450581,0.699999988079071,0.449999988079071,33.0999984741211,36,1,33,6,0
202,竹笋,63,19,92.8000030517578,2.59999990463257,0.200000002980232,1.79999995231628,1.79999995231628,0,0.0799999982118607,0.0799999982118607,0.600000023841858,0.0500000007450581,0.400000005960464,9,0.5,33,5,0
209,白菜,92,21,93.5999984741211,1.70000004768372,0.200000002980232,0.600000023841858,3.09999990463257,42,0.0599999986588955,0.0700000002980232,0.800000011920929,0.920000016689301,89.3000030517578,69,0.5,31,47,0
211,菠菜,89,24,91.1999969482422,2.59999990463257,0.300000011920929,1.70000004768372,2.79999995231628,487,0.0399999991059303,0.109999999403954,0.600000023841858,1.74000000953674,85.1999969482422,66,2.90000009536743,31,32,0
213,菜花（花椰菜）,82,24,92.4000015258789,2.09999990463257,0.200000002980232,1.20000004768372,3.40000009536743,5,0.0299999993294477,0.0799999982118607,0.600000023841858,0.430000007152557,31.6000003814697,23,1.10000002384186,31,61,0
218,葱头（洋葱）,90,39,89.1999969482422,1.10000002384186,0.200000002980232,0.899999976158142,8.10000038146973,3,0.0299999993294477,0.0299999993294477,0.300000011920929,0.140000000596046,4.40000009536743,24,0.600000023841858,31,8,0
222,榨菜,100,29,75,2.20000004768372,0.300000011920929,2.09999990463257,4.40000009536743,83,0.0299999993294477,0.0599999986588955,0.5,0,4252.60009765625,155,3.90000009536743,84,2,0
223,草菇（大黑头细花草）,100,23,92.3000030517578,2.70000004768372,0.200000002980232,1.60000002384186,2.70000004768372,0,0.0799999982118607,0.340000003576279,8,0.400000005960464,73,17,1.29999995231628,34,0,0
224,大红菇（草质红菇）,100,200,15.5,24.3999996185303,2.79999995231628,31.6000003814697,19.2999992370605,13,0.259999990463257,6.90000009536743,19.5,0,1.70000004768372,1,7.5,34,2,0
226,冬菇（干，毛柄金线菌）,86,212,13.3999996185303,17.7999992370605,1.29999995231628,32.2999992370605,32.2999992370605,5,0.170000001788139,1.39999997615814,24.3999996185303,3.47000002861023,20.3999996185303,55,10.5,34,5,0
227,发菜,100,246,10.5,22.7999992370605,0.800000011920929,21.8999996185303,36.7999992370605,0,0.230000004172325,0,0,21.7000007629395,103.300003051758,875,99.3000030517578,34,0,0
228,海带（干，江白菜，昆布）,98,77,70.5,1.79999995231628,0.100000001490116,6.09999990463257,17.2999992370605,40,0.00999999977648258,0.100000001490116,0.800000011920929,0.850000023841858,327.399993896484,348,4.69999980926514,34,0,0
229,海带（鲜，江白菜，昆布）,100,17,94.4000015258789,1.20000004768372,0.100000001490116,0.5,1.60000002384186,0,0.0199999995529652,0.150000005960464,1.29999995231628,1.85000002384186,8.60000038146973,46,0.899999976158142,34,0,0
230,海冻菜（石花菜，冻菜）,100,314,15.6000003814697,5.40000009536743,0.100000001490116,0,72.9000015258789,0,0.0599999986588955,0.200000002980232,3.29999995231628,14.8400001525879,380.799987792969,167,2,34,0,0
231,猴头菇（罐装）,100,13,92.3000030517578,2,0.200000002980232,4.19999980926514,0.699999988079071,0,0.00999999977648258,0.0399999991059303,0.200000002980232,0.46000000834465,175.199996948242,19,2.79999995231628,34,4,0
232,黄蘑,89,166,39.2999992370605,16.3999996185303,1.5,18.2999992370605,21.7999992370605,12,0.150000005960464,1,5.80000019073486,1.25999999046326,0,11,22.5,34,0,0
233,金针菇（智力菇）,100,26,90.1999969482422,2.40000009536743,0.400000005960464,2.70000004768372,3.29999995231628,5,0.150000005960464,0.189999997615814,4.09999990463257,1.13999998569489,4.30000019073486,0,1.39999997615814,34,2,0
234,金针菇（罐装）,100,21,91.5999984741211,1,0,2.5,4.19999980926514,0,0.00999999977648258,0.00999999977648258,0.600000023841858,0.980000019073486,238.199996948242,14,1.10000002384186,34,0,0
235,口蘑（白蘑）,100,242,9.19999980926514,38.7000007629395,3.29999995231628,17.2000007629395,14.3999996185303,0,0.0700000002980232,0.0799999982118607,44.2999992370605,8.56999969482422,5.19999980926514,169,19.3999996185303,34,0,0
236,蘑菇（干）,100,252,13.6999998092651,21,4.59999990463257,21,31.7000007629395,273,0.100000001490116,1.10000002384186,30.7000007629395,6.17999982833862,23.2999992370605,127,0,34,5,0
237,蘑菇（鲜，鲜蘑）,99,20,92.4000015258789,2.70000004768372,0.100000001490116,2.09999990463257,2,2,0.0799999982118607,0.349999994039536,4,0.560000002384186,8.30000019073486,6,1.20000004768372,34,2,0
238,木耳（黑木耳，云耳）,100,205,15.5,12.1000003814697,1.5,29.8999996185303,35.7000007629395,17,0.170000001788139,0.439999997615814,2.5,11.3400001525879,48.5,247,97.4000015258789,34,0,0
239,木耳（水发，黑木耳，云耳）,100,21,91.8000030517578,1.5,0.200000002980232,2.59999990463257,3.40000009536743,3,0.00999999977648258,0.0500000007450581,0.200000002980232,7.51000022888184,8.5,34,5.5,34,1,0
240,平菇（鲜，糙皮）,93,20,92.5,1.89999997615814,0.300000011920929,2.29999995231628,2.29999995231628,2,0.0599999986588955,0.159999996423721,3.09999990463257,0.790000021457672,3.79999995231628,5,1,34,4,0
241,普大香杏丁蘑,100,207,14.1000003814697,22.3999996185303,0.200000002980232,24.8999996185303,29,0,0,3.10999989509583,0,43.4000015258789,43.4000015258789,17,113.199996948242,34,0,0
242,普中红蘑,100,214,12.3000001907349,18.3999996185303,0.699999988079071,24.6000003814697,33.5,0,0,1.1599999666214,0,0,4.30000019073486,14,235.100006103516,34,0,0
243,琼脂（紫菜胶）,100,311,21.1000003814697,1.10000002384186,0.200000002980232,0.100000001490116,76.1999969482422,0,0,0,0,0,3.29999995231628,100,7,34,0,0
244,双孢蘑菇（洋蘑菇）,97,22,92.4000015258789,4.19999980926514,0.100000001490116,1.5,1.20000004768372,0,0,0.270000010728836,3.20000004768372,0,2,2,0.899999976158142,34,0,0
245,松蘑（松口蘑，松茸）,100,112,16.1000003814697,20.2999992370605,3.20000004768372,47.7999992370605,0.400000005960464,0,0.00999999977648258,1.48000001907349,0,3.08999991416931,4.30000019073486,14,86,34,0,0
246,苔菜（苔条条浒苔）,100,148,23.7000007629395,19,0.400000005960464,9.10000038146973,17.2000007629395,0,0.349999994039536,0.400000005960464,4,0,4955.5,185,283.700012207031,34,0,0
247,香菇（干，香蕈，冬菇）,95,211,12.3000001907349,20,1.20000004768372,31.6000003814697,30.1000003814697,3,0.189999997615814,1.25999999046326,20.5,0.660000026226044,11.1999998092651,83,10.5,34,5,0
248,香菇（鲜，香蕈，冬菇）,100,19,91.6999969482422,2.20000004768372,0.300000011920929,3.29999995231628,1.89999997615814,0,0,0.0799999982118607,2,0,1.39999997615814,2,0.300000011920929,34,1,0
249,香杏片口蘑,100,207,15.1000003814697,33.4000015258789,1.5,22.6000003814697,15,0,0,1.89999997615814,0,0,21,15,137.5,34,0,0
250,羊肚菌（干，狼肚）,100,295,14.3000001907349,26.8999996185303,7.09999990463257,12.8999996185303,30.7999992370605,209,0.100000001490116,2.25,8.80000019073486,3.57999992370605,33.5999984741211,87,30.7000007629395,34,3,0
251,银耳（白木耳）,96,200,14.6000003814697,10,1.39999997615814,30.3999996185303,36.9000015258789,8,0.0500000007450581,0.25,5.30000019073486,1.25999999046326,82.0999984741211,36,4.09999990463257,34,0,0
252,榛蘑（假蜜环菌）,77,157,51.0999984741211,9.5,3.70000004768372,10.3999996185303,21.5,7,0.00999999977648258,0.689999997615814,7.5,3.33999991416931,0,11,25.1000003814697,34,0,0
253,珍珠白蘑,100,212,12.1000003814697,18.2999992370605,0.699999988079071,23.2999992370605,33,228,0.270000010728836,0.0199999995529652,7.30000019073486,1.82000005245209,4.40000009536743,24,189.800003051758,34,0,0
254,紫菜,100,207,12.6999998092651,26.7000007629395,1.10000002384186,21.6000003814697,22.5,228,0.270000010728836,1.01999998092651,7.30000019073486,1.82000005245209,710.5,264,54.9000015258789,34,2,0
255,芭蕉（甘蕉，板蕉，牙蕉）,68,109,68.9000015258789,1.20000004768372,0.100000001490116,3.09999990463257,25.7999992370605,0,0.0199999995529652,0.0199999995529652,0.600000023841858,0,1.29999995231628,6,0.300000011920929,41,0,0
256,菠萝（凤梨，地菠萝）,68,41,88.4000015258789,0.5,0.100000001490116,1.29999995231628,9.5,33,0.0399999991059303,0.0199999995529652,0.200000002980232,0,0.800000011920929,12,0.600000023841858,41,18,0
257,菠萝蜜肉,43,103,73.1999969482422,0.200000002980232,0.300000011920929,0.800000011920929,24.8999996185303,0,0.0599999986588955,0.0500000007450581,0.699999988079071,0.519999980926514,11.3999996185303,9,0.5,41,9,0
258,菠萝蜜子,97,160,57,4.90000009536743,0.300000011920929,2.29999995231628,34.4000015258789,0,0.310000002384186,0.159999996423721,0.899999976158142,0.119999997317791,11.5,18,1.60000002384186,41,16,0
259,草莓,97,30,91.3000030517578,1,0.200000002980232,1.10000002384186,6,5,0.0199999995529652,0.0299999993294477,0.300000011920929,0.709999978542328,4.19999980926514,18,1.79999995231628,41,47,0
260,草莓酱,100,269,32.5,0.800000011920929,0.200000002980232,0.200000002980232,66.0999984741211,0,0.150000005960464,0.100000001490116,0.200000002980232,0.490000009536743,8.69999980926514,44,2.09999990463257,41,1,0
261,橙,74,47,87.4000015258789,0.800000011920929,0.200000002980232,0.600000023841858,10.5,27,0.0500000007450581,0.0399999991059303,0.300000011920929,0.560000002384186,1.20000004768372,20,0.400000005960464,41,33,0
262,吊蛋,95,56,81.6999969482422,0.800000011920929,0.400000005960464,4.40000009536743,12.3999996185303,0,0.00999999977648258,0,0,2.19000005722046,0.600000023841858,11,0.200000002980232,41,0,0
263,番石榴（鸡矢果，番桃）,97,41,83.9000015258789,1.10000002384186,0.400000005960464,5.90000009536743,8.30000019073486,53,0.0199999995529652,0.0500000007450581,0.300000011920929,0,3.29999995231628,13,0.200000002980232,41,68,0
264,柑,77,51,86.9000015258789,0.699999988079071,0.200000002980232,0.400000005960464,11.5,148,0.0799999982118607,0.0399999991059303,0.400000005960464,0.920000016689301,1.39999997615814,35,0.200000002980232,41,28,0
265,橄榄（白榄）,80,49,83.0999984741211,0.800000011920929,0.200000002980232,4,11.1000003814697,22,0.00999999977648258,0.00999999977648258,0.699999988079071,0,0,49,0.200000002980232,41,3,0
266,甘蔗汁,100,64,83.0999984741211,0.400000005960464,0.100000001490116,0.600000023841858,15.3999996185303,2,0.00999999977648258,0.0199999995529652,0.200000002980232,0,3,14,0.400000005960464,41,2,0
267,桂圆（鲜）,50,70,81.4000015258789,1.20000004768372,0.100000001490116,0.400000005960464,16.2000007629395,3,0.00999999977648258,0.140000000596046,1.29999995231628,0,3.90000009536743,6,0.200000002980232,41,43,0
268,桂圆（干，龙眼，圆眼）,37,273,26.8999996185303,5,0.200000002980232,2,62.7999992370605,0,0,0.389999985694885,1.29999995231628,0,3.29999995231628,38,0.699999988079071,41,12,0
269,桂圆肉,100,313,17.7000007629395,4.59999990463257,1,2,71.5,0,0.0399999991059303,1.02999997138977,8.89999961853027,0,7.30000019073486,39,3.90000009536743,41,27,0
270,果丹皮,100,321,16.7000007629395,1,0.800000011920929,2.59999990463257,77.4000015258789,25,0.0199999995529652,0.0299999993294477,0.699999988079071,1.85000002384186,115.5,52,11.6000003814697,41,3,0
271,海棠果,86,73,79.9000015258789,0.300000011920929,0.200000002980232,1.79999995231628,17.3999996185303,118,0.0500000007450581,0.0299999993294477,0.200000002980232,0.25,0.600000023841858,15,0.400000005960464,41,20,0
272,海棠脯,100,286,25.7999992370605,0.600000023841858,0.200000002980232,2.20000004768372,70.4000015258789,10,0.0199999995529652,0.0500000007450581,0.300000011920929,1.11000001430511,200.5,19,3.09999990463257,41,0,0
273,海棠罐头,100,53,85.4000015258789,0.5,0.200000002980232,1.29999995231628,12.3000001907349,0,0,0,0,0,8.80000019073486,43,2.29999995231628,41,0,0
274,黑枣（无核，乌枣，软枣）,98,228,39,1.70000004768372,0.300000011920929,2.59999990463257,54.7000007629395,7,0,0,2.09999990463257,1.87999999523163,6.30000019073486,108,1.20000004768372,41,0,0
275,红果（山里红，大山楂）,76,95,73,0.5,0.600000023841858,3.09999990463257,22,17,0.0199999995529652,0.0199999995529652,0.400000005960464,7.32000017166138,5.40000009536743,52,0.899999976158142,41,53,0
276,红果（干）,100,152,11.1000003814697,4.30000019073486,2.20000004768372,49.7000007629395,28.7000007629395,10,0.0199999995529652,0.180000007152557,0.699999988079071,0.469999998807907,9.89999961853027,144,0.400000005960464,41,2,0
277,黄皮果（黄皮）,59,31,87.5999984741211,1.60000002384186,0.200000002980232,4.30000019073486,5.59999990463257,0,0.129999995231628,0.0599999986588955,0,0,6.5,0,0.400000005960464,41,35,0
278,金糕,100,176,55,0.200000002980232,0,0.600000023841858,43.7000007629395,3,0.180000007152557,0.0700000002980232,0.100000001490116,0.419999986886978,34.2999992370605,49,1.79999995231628,41,4,0
279,金糕条,100,300,22.6000003814697,0.600000023841858,0.600000023841858,1.60000002384186,73,10,0.0199999995529652,0.0799999982118607,0.300000011920929,4.53999996185303,192.100006103516,42,6.30000019073486,41,10,0
280,金桔（金枣）,89,55,84.6999969482422,1,0.200000002980232,1.39999997615814,12.3000001907349,62,0.0399999991059303,0.0299999993294477,0.300000011920929,1.58000004291534,3,56,1,41,35,0
281,桔柑子（宽皮桂）,78,43,88.5999984741211,0.800000011920929,0.100000001490116,0.5,9.69999980926514,82,0.0399999991059303,0.0299999993294477,0.200000002980232,1.22000002861023,0.800000011920929,24,0.200000002980232,41,35,0
282,桔,67,45,88.0999984741211,1,0.200000002980232,0.400000005960464,9.89999961853027,100,0.0500000007450581,0.0199999995529652,0.300000011920929,0,0.5,27,0.800000011920929,41,11,0
289,桔饼,100,364,5.40000009536743,0.600000023841858,0.400000005960464,3.5,89.4000015258789,43,0.0299999993294477,0.189999997615814,0.600000023841858,0,485.899993896484,125,0.800000011920929,41,0,0
290,李（玉皇李）,91,36,90,0.699999988079071,0.200000002980232,0.899999976158142,7.80000019073486,25,0.0299999993294477,0.0199999995529652,0.400000005960464,0.740000009536743,3.79999995231628,8,0.600000023841858,41,5,0
291,梨,75,32,90,0.400000005960464,0.100000001490116,2,7.30000019073486,0,0.00999999977648258,0.0399999991059303,0.100000001490116,0,3.90000009536743,11,0,41,1,0
318,荔枝（鲜）,73,70,81.9000015258789,0.899999976158142,0.200000002980232,0.5,16.1000003814697,2,0.100000001490116,0.0399999991059303,1.10000002384186,0,1.70000004768372,2,0.400000005960464,41,41,0
319,芒果（抹猛果，望果）,60,32,90.5999984741211,0.600000023841858,0.200000002980232,1.29999995231628,7,1342,0.00999999977648258,0.0399999991059303,0.300000011920929,1.21000003814697,2.79999995231628,0,0.200000002980232,41,23,0
320,面蛋,60,84,74.5,1.60000002384186,0.5,3.29999995231628,18.3999996185303,22,0.0299999993294477,0,0,4.1100001335144,3.79999995231628,206,4.30000019073486,41,0,0
321,南瓜果脯,100,336,15.3999996185303,0.899999976158142,0.200000002980232,0.699999988079071,82.5999984741211,0,0.00999999977648258,0,0,0,16.3999996185303,176,0,41,7,0
322,柠檬,66,35,91,1.10000002384186,1.20000004768372,1.29999995231628,4.90000009536743,0,0.0500000007450581,0.0199999995529652,0.600000023841858,1.13999998569489,1.10000002384186,101,0.800000011920929,41,22,0
323,柠檬汁,100,26,93.0999984741211,0.899999976158142,0.200000002980232,0.300000011920929,5.19999980926514,0,0.00999999977648258,0.0199999995529652,0.100000001490116,0,1.20000004768372,24,0.100000001490116,41,11,0
324,枇杷,62,39,89.3000030517578,0.800000011920929,0.200000002980232,0.800000011920929,8.5,117,0.00999999977648258,0.0299999993294477,0.300000011920929,0.239999994635582,4,17,1.10000002384186,41,8,0
325,苹果,76,52,85.9000015258789,0.200000002980232,0.200000002980232,1.20000004768372,12.3000001907349,3,0.0599999986588955,0.0199999995529652,0.200000002980232,2.11999988555908,1.60000002384186,4,0.600000023841858,41,4,0
343,苹果罐头,100,39,89.1999969482422,0.200000002980232,0.200000002980232,1.29999995231628,9,0,0,0,0,0,6.19999980926514,26,0.699999988079071,41,0,0
344,苹果酱,100,277,30.3999996185303,0.400000005960464,0.100000001490116,0.300000011920929,68.6999969482422,0,0.280000001192093,0.0199999995529652,0,0,11,2,1.29999995231628,41,1,0
345,苹果脯,100,336,14.1999998092651,0.600000023841858,0.100000001490116,1.60000002384186,83.3000030517578,12,0.00999999977648258,0.0900000035762787,0.100000001490116,0.439999997615814,12.8000001907349,9,1.60000002384186,41,0,0
346,葡萄,86,43,88.6999969482422,0.5,0.200000002980232,0.400000005960464,9.89999961853027,8,0.0399999991059303,0.0199999995529652,0.200000002980232,0.699999988079071,1.29999995231628,5,0.400000005960464,41,25,0
352,葡萄干,100,341,11.6000003814697,2.5,0.400000005960464,1.60000002384186,81.8000030517578,0,0.0900000035762787,0,0,0,19.1000003814697,52,9.10000038146973,41,5,0
353,青梅果脯,100,308,20,1.20000004768372,0.600000023841858,2.90000009536743,74.5,2,0,0.330000013113022,0.100000001490116,88,222.800003051758,106,4,41,4,0
354,人参果,88,80,77.0999984741211,0.600000023841858,0.699999988079071,3.5,17.7000007629395,8,0,0.25,0.300000011920929,0,7.09999990463257,13,0.200000002980232,41,12,0
355,桑葚,100,49,82.8000030517578,1.70000004768372,0.400000005960464,4.09999990463257,9.69999980926514,5,0.0199999995529652,0.0599999986588955,0,9.86999988555908,2,37,0.400000005960464,41,0,0
356,桑葚（干）,100,239,10.6999998092651,21.1000003814697,6.09999990463257,29.2999992370605,24.8999996185303,0,0.349999994039536,0.610000014305115,4.80000019073486,32.6800003051758,28.1000003814697,622,42.5,41,7,0
357,柿,87,71,80.5999984741211,0.400000005960464,0.100000001490116,1.39999997615814,17.1000003814697,20,0.0199999995529652,0.0199999995529652,0.300000011920929,1.12000000476837,0.800000011920929,9,0.200000002980232,41,30,0
360,柿饼,97,250,33.7999992370605,1.79999995231628,0.200000002980232,2.59999990463257,60.2000007629395,48,0.00999999977648258,0,0.5,0.629999995231628,6.40000009536743,54,2.70000004768372,41,0,0
361,石榴,57,64,78.6999969482422,1.29999995231628,0.100000001490116,4.90000009536743,14.5,0,0.0500000007450581,0.0299999993294477,0,3.72000002861023,0.800000011920929,16,0.200000002980232,41,13,0
364,酸刺,16,107,70.6999969482422,2.79999995231628,0.300000011920929,2.20000004768372,23.2999992370605,25,0.0199999995529652,0.0399999991059303,0.200000002980232,1.51999998092651,8.30000019073486,105,11.6999998092651,41,74,0
365,酸枣棘,52,278,18.2999992370605,3.5,1.5,10.6000003814697,62.7000007629395,0,0.00999999977648258,0.0199999995529652,0.899999976158142,0,3.79999995231628,435,6.59999990463257,41,0,0
366,桃,86,48,86.4000015258789,0.899999976158142,0.100000001490116,1.29999995231628,10.8999996185303,3,0.00999999977648258,0.0299999993294477,0.699999988079071,1.53999996185303,5.69999980926514,6,0.800000011920929,41,7,0
380,桃酱,100,273,31.2000007629395,0.400000005960464,0.200000002980232,0.5,67.5,0,0.00999999977648258,0.00999999977648258,0.5,0.430000007152557,14.1999998092651,5,1.29999995231628,41,3,0
381,桃脯,100,310,19.2000007629395,1.39999997615814,0.400000005960464,2.40000009536743,75.1999969482422,8,0.00999999977648258,0.119999997317791,0.800000011920929,6.25,243,96,10.3999996185303,41,6,0
382,无花果,100,59,81.3000030517578,1.5,0.100000001490116,3,13,5,0.0299999993294477,0.0199999995529652,0.100000001490116,1.82000005245209,5.5,67,0.100000001490116,41,2,0
383,香蕉,59,91,75.8000030517578,1.39999997615814,0.200000002980232,1.20000004768372,20.7999992370605,10,0.0199999995529652,0.0399999991059303,0.699999988079071,0.239999994635582,0.800000011920929,7,0.400000005960464,41,8,0
384,西瓜脯,100,305,18.7000007629395,0.699999988079071,0.200000002980232,2,75.5,3,0.00999999977648258,0.0299999993294477,0.400000005960464,0,529.299987792969,253,11,41,13,0
385,杏,91,36,89.4000015258789,0.899999976158142,0.100000001490116,1.29999995231628,7.80000019073486,75,0.0199999995529652,0.0299999993294477,0.600000023841858,0.949999988079071,2.29999995231628,14,0.600000023841858,41,4,0
387,杏干,25,330,8.80000019073486,2.70000004768372,0.400000005960464,4.40000009536743,78.8000030517578,102,0,0.00999999977648258,1.20000004768372,0,40.4000015258789,147,0.300000011920929,41,0,0
388,杏酱,100,286,28.2999992370605,0.200000002980232,0.300000011920929,0.400000005960464,70.5,5,0.100000001490116,0.0700000002980232,0.200000002980232,0.310000002384186,5,6,0.400000005960464,41,1,0
389,杏脯,100,329,15.3000001907349,0.800000011920929,0.600000023841858,1.79999995231628,80.1999969482422,157,0.0199999995529652,0.0900000035762787,0.600000023841858,0.610000014305115,213.300003051758,68,4.80000019073486,41,6,0
391,杏子罐头,100,37,89.1999969482422,0.600000023841858,0.200000002980232,1.39999997615814,8.30000019073486,72,0,0,0,1.32000005245209,22.2999992370605,6,2.09999990463257,41,0,0
392,杨梅（树梅，山杨梅）,82,28,92,0.800000011920929,0.200000002980232,1,5.69999980926514,7,0.00999999977648258,0.0500000007450581,0.300000011920929,0.810000002384186,0.699999988079071,14,1,41,9,0
393,桃（杨桃）,88,29,91.4000015258789,0.600000023841858,0.200000002980232,1.20000004768372,6.19999980926514,3,0.0199999995529652,0.0299999993294477,0.699999988079071,0,1.39999997615814,4,0.400000005960464,41,7,0
394,椰子,33,231,51.7999992370605,4,12.1000003814697,4.69999980926514,26.6000003814697,0,0.00999999977648258,0.00999999977648258,0.5,0,55.5999984741211,2,1.79999995231628,41,6,0
396,樱桃,80,46,88,1.10000002384186,0.200000002980232,0.300000011920929,9.89999961853027,35,0.0199999995529652,0.0199999995529652,0.600000023841858,2.22000002861023,8,11,0.400000005960464,41,10,0
397,柚（文旦）,69,41,89,0.800000011920929,0.200000002980232,0.400000005960464,9.10000038146973,2,0,0.0299999993294477,0.300000011920929,0,3,4,0.300000011920929,41,23,0
398,余甘子（油甘子）,80,38,86.5999984741211,0.300000011920929,0.100000001490116,3.40000009536743,9,8,0,0.00999999977648258,0.5,0,0,6,0.200000002980232,41,62,0
399,枣（鲜）,87,122,67.4000015258789,1.10000002384186,0.300000011920929,1.89999997615814,28.6000003814697,40,0.0599999986588955,0.0900000035762787,0.899999976158142,0.779999971389771,1.20000004768372,22,1.20000004768372,41,243,0
400,枣（干）,80,264,26.8999996185303,3.20000004768372,0.5,6.19999980926514,61.5999984741211,2,0.0399999991059303,0.159999996423721,0.899999976158142,3.03999996185303,6.19999980926514,64,2.29999995231628,41,14,0
409,猕猴桃（中华猕猴桃，羊桃）,83,56,83.4000015258789,0.800000011920929,0.600000023841858,2.59999990463257,11.8999996185303,22,0.0500000007450581,0.0199999995529652,0.300000011920929,2.4300000667572,10,27,1.20000004768372,41,62,0
410,白果,100,355,9.89999961853027,13.1999998092651,1.29999995231628,0,72.5999984741211,0,0,0,0,0.730000019073486,17.5,54,0.200000002980232,42,0,0
411,白果（干，银杏）,67,355,9.89999961853027,13.1999998092651,1.29999995231628,0,72.5999984741211,0,0,0.100000001490116,0,24.7000007629395,17.5,54,0.200000002980232,42,0,0
412,核桃（干，胡桃）,43,627,5.19999980926514,14.8999996185303,58.7999992370605,9.5,9.60000038146973,5,0.150000005960464,0.140000000596046,0.899999976158142,43.2099990844727,6.40000009536743,56,2.70000004768372,42,1,0
413,核桃（鲜）,43,327,49.7999992370605,12.8000001907349,29.8999996185303,4.30000019073486,1.79999995231628,0,0.0700000002980232,0.140000000596046,1.39999997615814,41.1699981689453,0,0,0,42,10,0
414,花生（生，落花生，长生果）,53,298,48.2999992370605,12.1000003814697,25.3999996185303,7.69999980926514,5.19999980926514,2,0,0.0399999991059303,14.1000003814697,2.9300000667572,3.70000004768372,8,3.40000009536743,42,14,0
415,花生（炒）,71,589,4.09999990463257,21.8999996185303,48,6.30000019073486,17.2999992370605,10,0.129999995231628,0.119999997317791,18.8999996185303,12.9399995803833,34.7999992370605,47,1.5,42,0,0
416,肠,100,329,52.4000015258789,9,29.6000003814697,0,6.69999980926514,0,0.140000000596046,0.0799999982118607,3.09999990463257,0.209999993443489,723.200012207031,2,2.09999990463257,51,0,72
433,叉烧肉,100,279,49.2000007629395,23.7999992370605,16.8999996185303,0,7.90000009536743,16,0.660000026226044,0.230000004172325,7,0.680000007152557,818.799987792969,8,2.59999990463257,51,0,68
434,方腿,100,117,73.9000015258789,16.2000007629395,5,0,1.89999997615814,0,0.5,0.200000002980232,17.3999996185303,0.150000005960464,424.5,1,3,51,0,45
435,宫爆肉丁（罐头）,100,336,44.5,17.7000007629395,27.6000003814697,0,4.19999980926514,31,0.370000004768372,0.109999999403954,10.3999996185303,1.50999999046326,471.899993896484,47,2,51,0,62
436,狗肉,80,116,76,16.7999992370605,4.59999990463257,0,1.79999995231628,157,0.340000003576279,0.200000002980232,3.5,1.39999997615814,47.4000015258789,52,2.90000009536743,51,0,62
437,火腿后坐（火腿）,100,330,47.9000015258789,16,27.3999996185303,0,4.90000009536743,46,0.280000001192093,0.0900000035762787,8.60000038146973,0.800000011920929,1086.69995117188,3,2.20000004768372,51,0,120
438,火腿（金华火腿）,100,318,48.7000007629395,16.3999996185303,28,0,0,20,0.509999990463257,0.180000007152557,4.80000019073486,0.180000007152557,233.399993896484,9,2.09999990463257,51,0,98
439,火腿（熟）,100,529,24.6000003814697,12.3999996185303,50.4000015258789,0,6.40000009536743,0,0.170000001788139,0,0,0,0,0,0,51,0,166
440,酱驴肉,100,246,50.7000007629395,31.3999996185303,11.8999996185303,0,3.20000004768372,11,0.0500000007450581,0.219999998807907,4.40000009536743,1.25,869.200012207031,20,4,51,0,116
441,酱牛肉,100,246,50.7000007629395,31.3999996185303,11.8999996185303,0,3.20000004768372,11,0.0500000007450581,0.219999998807907,4.40000009536743,1.25,869.200012207031,20,4,51,0,76
442,酱羊肉,100,272,45.7000007629395,25.3999996185303,13.6999998092651,0,11.8000001907349,0,0.0700000002980232,0.0599999986588955,8.30000019073486,1.27999997138977,937.799987792969,43,4.09999990463257,51,0,92
443,酱汁肉,96,549,24,15.5,50.4000015258789,0,8.39999961853027,4,0.0700000002980232,0.140000000596046,2.5,0.490000009536743,257.399993896484,9,1.5,51,0,92
444,腊肉（培根）,100,181,63.0999984741211,22.2999992370605,9,0,2.59999990463257,0,0.899999976158142,0.109999999403954,4.5,0.109999999403954,51.2000007629395,2,2.40000009536743,51,0,46
445,腊肉（生）,100,498,31.1000003814697,11.8000001907349,48.7999992370605,0,2.90000009536743,96,0,0,0,6.23000001907349,763.900024414062,22,7.5,51,0,123
446,腊肉（熟）,100,587,10.8999996185303,13.1999998092651,48.9000015258789,0,23.6000003814697,0,0.230000004172325,0,0,0,0,0,0,51,0,135
447,腊羊肉,100,246,47.7999992370605,26.1000003814697,10.6000003814697,0,11.5,0,0.0299999993294477,0.5,3.40000009536743,7.26000022888184,8991.599609375,14,6.59999990463257,51,0,100
453,驴肉,100,251,57.7000007629395,32.2999992370605,13.5,0,0,25,0,0.100000001490116,0,0.389999985694885,207.399993896484,13,8.30000019073486,51,0,0
454,卤猪杂,100,186,57.5,24.6000003814697,4.80000019073486,0,11,0,0.00999999977648258,0.100000001490116,2.20000004768372,0,881.400024414062,14,3,51,0,208
455,马肉,100,122,74.0999984741211,20.1000003814697,4.59999990463257,0,0.100000001490116,28,0.0599999986588955,0.25,2.20000004768372,1.41999995708466,115.800003051758,5,5.09999990463257,51,0,84
458,牛肚,100,72,83.4000015258789,14.5,1.60000002384186,0,0,2,0.0299999993294477,0.129999995231628,2.5,0.509999990463257,60.5999984741211,40,1.79999995231628,51,0,104
462,牛肉,100,190,68.0999984741211,18.1000003814697,13.3999996185303,0,0,9,0.0299999993294477,0.109999999403954,7.40000009536743,0.219999998807907,57.4000015258789,8,3.20000004768372,51,0,84
469,牛肉干,100,550,9.30000019073486,45.5999984741211,40,0,1.89999997615814,0,0.0599999986588955,0.259999990463257,15.1999998092651,0,412.399993896484,43,15.6000003814697,51,0,120
470,牛肉松,100,445,2.70000004768372,8.19999980926514,15.6999998092651,0,67.6999969482422,90,0.0399999991059303,0.109999999403954,0.899999976158142,18.2399997711182,1945.69995117188,76,4.59999990463257,51,0,169
472,牛肾,89,94,78.3000030517578,15.6000003814697,2.40000009536743,0,2.59999990463257,88,0.239999994635582,0.850000023841858,7.69999980926514,0.189999997615814,180.800003051758,8,9.39999961853027,51,0,295
473,牛蹄筋,100,151,62,38.4000015258789,0.5,0,0,0,0.0700000002980232,0.129999995231628,0.699999988079071,0,153.600006103516,5,3.20000004768372,51,0,0
477,兔肉,100,102,76.1999969482422,19.7000007629395,2.20000004768372,0,0.899999976158142,212,0.109999999403954,0.100000001490116,5.80000019073486,0.419999986886978,45.0999984741211,12,2,51,0,59
478,兔肉（野）,100,84,80.5999984741211,16.6000003814697,2,0,0,0,0.209999993443489,0,0,0,88.3000030517578,23,7.40000009536743,51,0,0
479,煨牛肉（罐头）,100,166,70.0999984741211,16.7000007629395,11,0,0.100000001490116,0,0.0399999991059303,0.0900000035762787,6.5,1.22000002861023,609.400024414062,66,2.70000004768372,51,0,84
480,午餐肚,100,181,50.5,9.30000019073486,0.5,0,34.7000007629395,4,0.00999999977648258,0.310000002384186,0.100000001490116,0.319999992847443,294.399993896484,36,4.69999980926514,51,0,0
481,午餐肉,100,229,59.9000015258789,9.39999961853027,15.8999996185303,0,12,0,0.239999994635582,0.0500000007450581,11.1000003814697,0,981.900024414062,57,0,51,0,56
482,咸肉,100,385,40.4000015258789,16.5,36,0,0,20,0.769999980926514,0.209999993443489,3.5,0.100000001490116,195.600006103516,10,2.59999990463257,51,0,72
483,小肚,100,225,57.7999992370605,7.19999980926514,14.1999998092651,0,17.2000007629395,6,0.100000001490116,0.100000001490116,0.800000011920929,0.239999994635582,872.099975585938,8,3.59999990463257,51,0,51
484,羊大肠,100,70,84.6999969482422,13.3999996185303,2.40000009536743,0,0,0,0,0.140000000596046,1.79999995231628,0,79,25,1.89999997615814,51,0,150
485,羊肚,100,87,81.6999969482422,12.1999998092651,3.40000009536743,0,1.79999995231628,23,0.0299999993294477,0.170000001788139,1.79999995231628,0.330000013113022,66,38,1.39999997615814,51,0,124
490,羊肉,90,198,66.9000015258789,19,14.1000003814697,0,0,22,0.0500000007450581,0.140000000596046,4.5,0.259999990463257,80.5999984741211,6,2.29999995231628,51,0,92
512,珍珠里脊丝（罐头）,100,215,63.5999984741211,6.69999980926514,17.2999992370605,0,8.10000038146973,0,0.0900000035762787,0.0399999991059303,5.40000009536743,0.670000016689301,572.299987792969,34,1.39999997615814,51,0,120
513,猪大肠,100,191,74.8000030517578,6.90000009536743,18.7000007629395,0,0,7,0.0599999986588955,0.109999999403954,1.89999997615814,0.5,116.300003051758,10,1,51,0,137
515,猪大排,68,264,58.7999992370605,18.2999992370605,20.3999996185303,0,1.70000004768372,12,0.800000011920929,0.150000005960464,5.30000019073486,0.109999999403954,44.5,8,0.800000011920929,51,0,165
516,猪肚,96,110,78.1999969482422,15.1999998092651,5.09999990463257,0,0.699999988079071,3,0.0700000002980232,0.159999996423721,3.70000004768372,0.319999992847443,75.0999984741211,11,2.40000009536743,51,0,165
523,猪肉（脖子，猪脖）,90,576,35.7999992370605,8,60.5,0,0,18,0.209999993443489,0.0700000002980232,1.70000004768372,0.610000014305115,54,4,1.20000004768372,51,0,94
524,猪肉（肥）,100,816,8.80000019073486,2.40000009536743,90.4000015258789,0,0,29,0.0799999982118607,0.0500000007450581,0.899999976158142,0.239999994635582,19.5,3,1,51,0,109
525,猪肉（肥，瘦）,100,395,46.7999992370605,13.1999998092651,37,0,2.40000009536743,0,0.219999998807907,0.159999996423721,3.5,0.490000009536743,59.4000015258789,6,1.60000002384186,51,0,80
536,猪肉松,100,396,9.39999961853027,23.3999996185303,11.5,0,49.7000007629395,44,0.0399999991059303,0.129999995231628,3.29999995231628,10.0200004577637,469,41,6.40000009536743,51,0,111
544,猪蹄,43,260,55.7999992370605,23.6000003814697,17,0,3.20000004768372,0,0.129999995231628,0.0399999991059303,2.79999995231628,0,363.200012207031,32,2.40000009536743,51,0,86
545,猪蹄筋,100,156,62.4000015258789,35.2999992370605,1.39999997615814,0,0.5,0,0.00999999977648258,0.0900000035762787,2.90000009536743,0.100000001490116,178,15,2.20000004768372,51,0,79
553,鹌鹑,58,110,75.0999984741211,20.2000007629395,3.09999990463257,0,0.200000002980232,40,0.0399999991059303,0.319999992847443,6.30000019073486,0.439999997615814,48.4000015258789,48,2.29999995231628,52,0,157
554,扒鸡,66,215,56.5,29.6000003814697,11,0,0,32,0.0199999995529652,0.170000001788139,9.19999980926514,0,1000.70001220703,31,2.90000009536743,52,0,211
556,北京烤鸭,80,436,38.2000007629395,16.6000003814697,38.4000015258789,0,6,36,0.0399999991059303,0.319999992847443,4.5,0.970000028610229,83,35,2.40000009536743,52,0,91
557,鹅,63,245,62.9000015258789,17.8999996185303,19.8999996185303,0,0,42,0.0700000002980232,0.230000004172325,4.90000009536743,0.219999998807907,58.7999992370605,4,3.79999995231628,52,0,74
560,鸽,42,201,66.5999984741211,16.5,14.1999998092651,0,1.70000004768372,53,0.0599999986588955,0.200000002980232,6.90000009536743,0.990000009536743,63.5999984741211,30,3.79999995231628,52,0,99
562,火鸡腿,100,90,77.8000030517578,20.1000003814697,1.20000004768372,0,0,0,0.0700000002980232,0.0599999986588955,8.30000019073486,0.0700000002980232,168.399993896484,12,5.19999980926514,52,0,58
565,鸡,66,167,69,19.2999992370605,9.39999961853027,0,1.29999995231628,48,0.0500000007450581,0.0900000035762787,5.59999990463257,0.670000016689301,63.2999992370605,9,1.39999997615814,52,0,106
571,酱鸭,80,266,53.5999984741211,18.8999996185303,18.3999996185303,0,6.30000019073486,11,0.0599999986588955,0.219999998807907,3.70000004768372,0,981.299987792969,14,4.09999990463257,52,0,107
572,鸡翅,69,194,65.4000015258789,17.3999996185303,11.8000001907349,0,4.59999990463257,68,0.00999999977648258,0.109999999403954,5.30000019073486,0.25,50.7999992370605,8,1.29999995231628,52,0,113
573,鸡肝,100,121,74.4000015258789,16.6000003814697,4.80000019073486,0,2.79999995231628,10414,0.330000013113022,1.10000002384186,11.8999996185303,1.87999999523163,92,7,12,52,0,356
576,鸡肉松,100,440,4.90000009536743,7.19999980926514,16.3999996185303,0,65.8000030517578,90,0.0299999993294477,0.109999999403954,1,14.5799999237061,1687.80004882812,76,7.09999990463257,52,0,81
577,鸡腿,69,181,70.1999969482422,16.3999996185303,13,0,0,44,0.0199999995529652,0.140000000596046,6,0.0299999993294477,64.4000015258789,6,1.5,52,0,162
581,鸡爪,60,254,56.4000015258789,23.8999996185303,16.3999996185303,0,2.70000004768372,37,0.00999999977648258,0.129999995231628,2.40000009536743,0.319999992847443,169,36,1.39999997615814,52,0,103
582,鸡肫（鸡胗）,100,118,73.0999984741211,19.2000007629395,2.79999995231628,0,4,36,0.0399999991059303,0.0900000035762787,3.40000009536743,0.870000004768372,74.8000030517578,7,4.40000009536743,52,0,174
583,烤鸡,73,240,59,22.3999996185303,16.7000007629395,0,0.100000001490116,37,0.0500000007450581,0.189999997615814,3.5,0.219999998807907,472.299987792969,25,1.70000004768372,52,0,99
584,卤煮鸡,70,212,54.4000015258789,29.3999996185303,7.90000009536743,0,5.80000019073486,76,0.0199999995529652,0.349999994039536,0.200000002980232,0.899999976158142,221.699996948242,71,5.40000009536743,52,0,0
585,瓦罐鸡汤（肉）,100,190,63.2999992370605,20.8999996185303,9.5,0,5.19999980926514,63,0.00999999977648258,0.209999993443489,0.5,1.08000004291534,201.199996948242,16,1.89999997615814,52,0,0
586,烧鹅,73,289,52.7999992370605,19.7000007629395,21.5,0,4.19999980926514,9,0.0900000035762787,0.109999999403954,3.59999990463257,0.0700000002980232,240,91,3.79999995231628,52,0,116
587,瓦罐鸡汤（汤）,100,408,0,1.29999995231628,2.40000009536743,0,95.1999969482422,0,0.00999999977648258,0.0700000002980232,0,0.209999993443489,251.399993896484,2,0.300000011920929,52,0,24
590,鸭,68,240,63.9000015258789,15.5,19.7000007629395,0,0.200000002980232,52,0.0799999982118607,0.219999998807907,4.19999980926514,0.270000010728836,69,6,2.20000004768372,52,0,94
612,炸鸡（肯德鸡）,70,279,49.4000015258789,20.2999992370605,17.2999992370605,0,10.5,23,0.0299999993294477,0.170000001788139,16.7000007629395,6.44000005722046,755,109,2.20000004768372,52,0,198
613,白脱（食用，牛油黄油）,100,742,17.7000007629395,0,82.6999969482422,0,0,534,0.00999999977648258,0.0599999986588955,0.100000001490116,3.71000003814697,18,1,1,53,0,152
615,果味奶,100,20,95.5,1.89999997615814,0.800000011920929,0,1.39999997615814,0,0.00999999977648258,0.0199999995529652,0,0,37.4000015258789,88,0.100000001490116,53,0,18
616,黄油,100,892,0.5,1.39999997615814,98.8000030517578,0,0,0,0,0.0199999995529652,0,0,40.2999992370605,35,0.800000011920929,53,0,296
617,黄油渣,100,599,4.69999980926514,11.1000003814697,43.7999992370605,0,40,0,0.0299999993294477,0.469999998807907,0.400000005960464,0,60.2000007629395,597,2.59999990463257,53,0,150
618,炼乳（罐头，甜）,100,332,26.2000007629395,8,8.69999980926514,0,55.4000015258789,41,0.0299999993294477,0.159999996423721,0.300000011920929,0.280000001192093,211.899993896484,242,0.400000005960464,53,0,36
619,奶豆腐（鲜）,100,305,31.8999996185303,46.2000007629395,7.80000019073486,0,12.5,0,0.00999999977648258,0.689999997615814,0.699999988079071,0,90.1999969482422,597,3.09999990463257,53,0,36
622,奶酪（干酪）,100,328,43.5,25.7000007629395,23.5,0,3.5,152,0.0599999986588955,0.910000026226044,0.600000023841858,0.600000023841858,584.599975585938,799,2.40000009536743,53,0,11
625,奶油,100,720,18,2.5,78.5999984741211,0,0.699999988079071,1042,0,0.0500000007450581,0.100000001490116,66.0100021362305,29.6000003814697,1,0.699999988079071,53,0,168
629,牛乳,100,54,89.8000030517578,3,3.20000004768372,0,3.40000009536743,24,0.0299999993294477,0.140000000596046,0.100000001490116,0.209999993443489,37.2000007629395,104,0.300000011920929,53,0,15
636,牛乳粉（全脂）,100,478,2.29999995231628,20.1000003814697,21.2000007629395,0,51.7000007629395,141,0.109999999403954,0.730000019073486,0.899999976158142,0.479999989271164,260.100006103516,676,1.20000004768372,53,0,110
640,酸奶,100,72,84.6999969482422,2.5,2.70000004768372,0,9.30000019073486,26,0.0299999993294477,0.150000005960464,0.200000002980232,0.119999997317791,39.7999992370605,118,0.400000005960464,53,0,15
646,羊乳（鲜）,100,59,88.9000015258789,1.5,3.5,0,5.40000009536743,84,0.0399999991059303,0.119999997317791,2.09999990463257,0.189999997615814,20.6000003814697,82,0.5,53,0,31
647,羊乳粉（全脂）,100,498,1.39999997615814,18.7999992370605,25.2000007629395,0,49,0,0.0599999986588955,1.60000002384186,0.899999976158142,0.200000002980232,0,0,0,53,0,75
648,鹌鹑蛋,86,160,73,12.8000001907349,11.1000003814697,0,2.09999990463257,337,0.109999999403954,0.490000009536743,0.100000001490116,3.07999992370605,106.599998474121,47,3.20000004768372,54,0,515
650,鹅蛋,87,196,69.3000030517578,11.1000003814697,15.6000003814697,0,2.79999995231628,192,0.0799999982118607,0.300000011920929,0.400000005960464,4.5,90.5999984741211,34,4.09999990463257,54,0,704
653,鸡蛋,87,138,75.8000030517578,12.6999998092651,9,0,1.5,310,0.0900000035762787,0.310000002384186,0.200000002980232,1.23000001907349,94.6999969482422,48,2,54,0,585
662,松花蛋（鸡）,83,178,66.4000015258789,14.8000001907349,10.6000003814697,0,5.80000019073486,310,0.0199999995529652,0.129999995231628,0.200000002980232,1.05999994277954,0,26,3.90000009536743,54,0,595
664,鸭蛋,87,180,70.3000030517578,12.6000003814697,13,0,3.09999990463257,261,0.170000001788139,0.349999994039536,0.200000002980232,4.98000001907349,106,62,2.90000009536743,54,0,565
665,鲍鱼（杂色鲍）,65,84,77.5,12.6000003814697,0.800000011920929,0,6.59999990463257,24,0.00999999977648258,0.159999996423721,0.200000002980232,2.20000004768372,2011.69995117188,266,22.6000003814697,62,0,242
672,海蛎肉,100,66,85.5999984741211,8.39999961853027,2.29999995231628,0,2.90000009536743,0,0.0299999993294477,0.0700000002980232,1.70000004768372,7.65999984741211,194,167,5.40000009536743,62,0,0
673,海参,93,262,18.8999996185303,50.2000007629395,4.80000019073486,0,4.5,39,0.0399999991059303,0.129999995231628,1.29999995231628,0,4967.7998046875,0,9,62,0,62
678,蛤蜊,45,31,91,5.80000019073486,0.400000005960464,0,1.10000002384186,19,0.00999999977648258,0.100000001490116,0.5,0.860000014305115,317.299987792969,138,2.90000009536743,62,0,156
685,河蚌,23,36,89.8000030517578,6.80000019073486,0.600000023841858,0,0.800000011920929,202,0.00999999977648258,0.129999995231628,1,1.36000001430511,28.7000007629395,306,3.09999990463257,62,0,57
689,螺蛳,37,59,83.3000030517578,7.5,0.600000023841858,0,6,0,0,0.280000001192093,2,0.430000007152557,252.600006103516,156,1.39999997615814,62,0,86
693,墨鱼,69,82,79.1999969482422,15.1999998092651,0.899999976158142,0,3.40000009536743,0,0.0199999995529652,0.0399999991059303,1.79999995231628,1.49000000953674,165.5,15,1,62,0,226
695,牡蛎,100,73,82,5.30000019073486,2.09999990463257,0,8.19999980926514,27,0.00999999977648258,0.129999995231628,1.39999997615814,0.810000002384186,462.100006103516,131,7.09999990463257,62,0,100
697,生蚝,100,57,87.0999984741211,10.8999996185303,1.5,0,0,0,0.0399999991059303,0.129999995231628,1.5,0.129999995231628,270,35,5.5,62,0,94
700,鲜贝,100,77,80.3000030517578,15.6999998092651,0.5,0,2.5,0,0,0.209999993443489,2.5,1.46000003814697,120,28,0.699999988079071,62,0,116
703,鱿鱼,98,313,21.7999992370605,60,4.59999990463257,0,7.80000019073486,0,0.0199999995529652,0.129999995231628,4.90000009536743,9.72000026702881,965.299987792969,87,4.09999990463257,62,0,871
707,白米虾（水虾米）,57,81,77.3000030517578,17.2999992370605,0.400000005960464,0,2,54,0.0500000007450581,0.0299999993294477,0,3.33999991416931,90.6999969482422,403,2.09999990463257,63,0,103
712,对虾,61,93,76.5,18.6000003814697,0.800000011920929,0,2.79999995231628,15,0.00999999977648258,0.0700000002980232,1.70000004768372,0.620000004768372,165.199996948242,62,1.5,63,0,193
713,海虾,51,79,79.3000030517578,16.7999992370605,0.600000023841858,0,1.5,0,0.00999999977648258,0.0500000007450581,1.89999997615814,2.78999996185303,302.200012207031,146,3,63,0,117
714,菠萝豆,100,392,4.09999990463257,10.3999996185303,2.09999990463257,0.100000001490116,82.8000030517578,0,0,0.0399999991059303,0.100000001490116,0.409999996423721,30,19,9,71,0,0
715,蚕豆（烤）,100,372,4.30000019073486,27,2,2.20000004768372,61.5999984741211,18,0.219999998807907,0.119999997317791,4.80000019073486,5.15999984741211,10.8999996185303,229,5.30000019073486,71,0,0
716,蚕豆（炸，开花豆）,100,446,10.5,26.7000007629395,20,0.5,39.9000015258789,5,0.159999996423721,0.119999997317791,7.69999980926514,5.15000009536743,547.900024414062,207,3.59999990463257,71,0,0
719,春卷,100,463,23.5,6.09999990463257,33.7000007629395,1,33.7999992370605,0,0.00999999977648258,0.00999999977648258,3,3.89000010490417,485.799987792969,10,1.89999997615814,71,0,0
723,蛋糕,100,347,18.6000003814697,8.60000038146973,5.09999990463257,0.400000005960464,66.6999969482422,86,0.0900000035762787,0.0900000035762787,0.800000011920929,2.79999995231628,67.8000030517578,39,2.5,71,0,0
725,蛋黄酥,100,386,6.30000019073486,11.6999998092651,3.90000009536743,0.800000011920929,76.0999984741211,33,0.150000005960464,0.0399999991059303,4.19999980926514,1.08000004291534,100,47,3,71,0,0
728,豆腐脑（带卤）,100,47,88.0999984741211,2.59999990463257,1.79999995231628,0.200000002980232,5.19999980926514,0,0.00999999977648258,0.00999999977648258,0.400000005960464,0.870000004768372,235.600006103516,301,1.70000004768372,71,0,0
729,豆汁（生）,100,10,97.4000015258789,0.899999976158142,0.100000001490116,0.100000001490116,1.29999995231628,0,0.0199999995529652,0.0199999995529652,0.100000001490116,0.340000003576279,6.5,8,0.400000005960464,71,0,0
733,茯苓夹饼,100,332,10,4.40000009536743,0.400000005960464,6.5,77.8000030517578,0,0.109999999403954,0.140000000596046,1.29999995231628,4.73000001907349,103.400001525879,65,5.69999980926514,71,0,0
734,灌肠,100,134,66.0999984741211,0.200000002980232,0.300000011920929,0.300000011920929,32.5,0,0.00999999977648258,0.129999995231628,0.100000001490116,0,12.5,11,5.80000019073486,71,0,0
736,黑洋酥,100,417,2.29999995231628,4.19999980926514,12.3999996185303,7.5,72.1999969482422,0,0,0,0,0,3.09999990463257,8,6.09999990463257,71,0,0
737,核桃,100,480,3.29999995231628,9.80000019073486,24.6000003814697,6.19999980926514,54.9000015258789,10,0.119999997317791,0.0299999993294477,5.80000019073486,4.34000015258789,251.300003051758,54,4.40000009536743,71,0,0
748,凉粉（带调料）,100,50,87.8000030517578,0.300000011920929,0.5,0.100000001490116,11.1999998092651,0,0,0,0,0,0,9,0.800000011920929,71,0,0
749,绿豆糕,100,349,11.5,12.8000001907349,1,1.20000004768372,72.1999969482422,47,0.230000004172325,0.0199999995529652,6.09999990463257,3.6800000667572,11.6000003814697,24,7.30000019073486,71,0,0
750,栗羊羹,100,301,24.1000003814697,3.70000004768372,0.600000023841858,0.800000011920929,70.0999984741211,0,0.0599999986588955,0.119999997317791,0.400000005960464,0.930000007152557,6.09999990463257,80,0.899999976158142,71,0,0
751,驴打滚,100,194,48.5,8.19999980926514,0.200000002980232,1.89999997615814,39.9000015258789,0,0.0500000007450581,0.0700000002980232,0.300000011920929,2.32999992370605,192.399993896484,34,8.60000038146973,71,0,0
753,麻花,100,524,6,8.30000019073486,31.5,1.5,51.9000015258789,0,0.0500000007450581,0.00999999977648258,3.20000004768372,21.6000003814697,99.1999969482422,26,0,71,0,0
756,面包,100,312,27.3999996185303,8.30000019073486,5.09999990463257,0.5,58.0999984741211,0,0.0299999993294477,0.0599999986588955,1.70000004768372,1.6599999666214,230.399993896484,49,2,71,0,0
767,面窝,100,293,38.0999984741211,5.19999980926514,10.6999998092651,0,44,0,0.00999999977648258,0.00999999977648258,0.699999988079071,1.52999997138977,154.800003051758,38,0.400000005960464,71,0,0
768,蜜麻花（糖耳朵）,100,367,19.3999996185303,4.80000019073486,11,0.899999976158142,62.2999992370605,0,0.00999999977648258,0.00999999977648258,8.60000038146973,7.92999982833862,361.5,99,4.5,71,0,0
769,年糕,100,154,60.9000015258789,3.29999995231628,0.600000023841858,0.800000011920929,33.9000015258789,0,0.0299999993294477,0,1.89999997615814,1.14999997615814,56.4000015258789,31,1.60000002384186,71,0,0
772,青稞,100,130,66.9000015258789,5.19999980926514,0.200000002980232,0.400000005960464,26.7999992370605,0,0,0,0,0,0,0,0,71,0,0
774,热干面,100,152,63,4.19999980926514,2.40000009536743,0.200000002980232,28.5,0,0,0,0,0.28999999165535,165.800003051758,67,2.79999995231628,71,0,0
777,三鲜豆皮,100,240,51.2000007629395,6,10.1999998092651,0,31,74,0.0500000007450581,0.0799999982118607,1.10000002384186,2.82999992370605,207,4,1.29999995231628,71,0,70
778,烧饼,100,326,27.2999992370605,11.5,9.89999961853027,2.5,47.5999984741211,0,0.0299999993294477,0.00999999977648258,0,5.19000005722046,84.0999984741211,40,6.90000009536743,71,0,0
779,烧麦,100,238,51,9.19999980926514,11,2.29999995231628,25.6000003814697,0,0.0700000002980232,0.0700000002980232,14.6000003814697,0.680000007152557,0,10,2.09999990463257,71,0,0
780,水晶饼,100,436,10.8000001907349,0.200000002980232,17.3999996185303,0.800000011920929,68.6999969482422,0,0.0500000007450581,0,0,0.810000002384186,31.5,49,3.59999990463257,71,0,51
781,酥皮糕点,100,426,10.6999998092651,8.10000038146973,15.5,1.39999997615814,63.5999984741211,12,0.100000001490116,0.100000001490116,3.20000004768372,1.00999999046326,55.7000007629395,24,2.70000004768372,71,0,0
782,汤包,100,238,54.2000007629395,8.10000038146973,11.6000003814697,0,25.2000007629395,0,0.0700000002980232,0.0700000002980232,1.39999997615814,0.899999976158142,219,18,3.5,71,0,21
783,桃酥,100,481,5.40000009536743,7.09999990463257,21.7999992370605,1.10000002384186,64,0,0.0199999995529652,0.0500000007450581,2.29999995231628,14.1400003433228,7.73000001907349,33.9000015258789,48,71,0,0
786,香油炒面,100,407,1.89999997615814,12.3999996185303,4.80000019073486,1.5,78.5999984741211,17,0.25,0.0900000035762787,2.90000009536743,2.80999994277954,46.4000015258789,16,2.90000009536743,71,0,0
787,小豆粥,100,61,84.4000015258789,1.20000004768372,0.400000005960464,0.600000023841858,13.1000003814697,0,0,0,0.200000002980232,0.189999997615814,62.2999992370605,13,0.600000023841858,71,0,0
790,硬皮糕点,100,463,7.30000019073486,8.39999961853027,20.1000003814697,1.29999995231628,62.2000007629395,40,0.230000004172325,0.0500000007450581,3.09999990463257,10.2700004577637,97.4000015258789,42,1.10000002384186,71,0,0
793,月饼（豆沙）,100,405,11.6999998092651,8.19999980926514,13.6000003814697,3.09999990463257,62.5,7,0.0500000007450581,0.0500000007450581,1.89999997615814,8.0600004196167,22.3999996185303,64,3.09999990463257,71,0,0
794,月饼（奶油果馅）,100,441,9.39999961853027,5.69999980926514,16.8999996185303,1,66.5999984741211,23,0.0799999982118607,0.0399999991059303,2.90000009536743,0.209999993443489,28.2000007629395,12,3.5,71,0,0
795,月饼（奶油松仁）,100,438,12.6000003814697,6.40000009536743,21.3999996185303,4.09999990463257,54.9000015258789,62,0.349999994039536,0.159999996423721,3.09999990463257,2.05999994277954,17.7000007629395,26,2.5,71,0,0
797,月饼（五仁）,100,416,11.3000001907349,8,16,3.90000009536743,60.0999984741211,7,0,0.0799999982118607,4,8.81999969482422,18.5,54,2.79999995231628,71,0,0
798,月饼（香油果馅）,100,449,8.30000019073486,6.30000019073486,19.7000007629395,3.5,61.7000007629395,17,0.180000007152557,0.0299999993294477,3.29999995231628,2.69000005722046,28.2000007629395,18,3,71,0,0
799,月饼（枣泥）,100,424,11.6999998092651,7.09999990463257,15.6999998092651,1.39999997615814,63.5,8,0.109999999403954,0.0500000007450581,2.70000004768372,1.49000000953674,24.2999992370605,66,2.79999995231628,71,0,0
800,炸糕,100,280,43.5999984741211,6.09999990463257,12.3000001907349,1.20000004768372,36.0999984741211,0,0.0299999993294477,0.0199999995529652,3.59999990463257,3.60999989509583,96.5999984741211,24,2.40000009536743,71,0,0
803,可乐,100,45,88.6999969482422,0,0,0,11.1999998092651,0.200000002980232,0,0,0,0,11.3999996185303,0,0.100000001490116,85,0,0
804,冰棍,100,47,88.3000030517578,0.800000011920929,0.200000002980232,0,10.5,0,0.00999999977648258,0.00999999977648258,0.200000002980232,0.109999999403954,20.3999996185303,31,0.899999976158142,85,0,45
805,冰淇淋,100,126,74.4000015258789,2.40000009536743,5.30000019073486,0,17.2999992370605,48,0.00999999977648258,0.0299999993294477,0.200000002980232,0.239999994635582,54.2000007629395,126,0.5,85,0,51
806,冰砖,100,153,69.5999984741211,2.90000009536743,6.80000019073486,0,20,20,0.00999999977648258,0.0399999991059303,0.200000002980232,0.730000019073486,43.5,140,0.400000005960464,85,0,35
807,橙,100,25,93.8000030517578,0.100000001490116,0,0,6.09999990463257,8,0.0799999982118607,0.129999995231628,1.29999995231628,0,5.30000019073486,8,0.100000001490116,85,0,0
813,橘汁,100,95,76.4000015258789,0.100000001490116,0.200000002980232,0,23.2000007629395,0,0,0,0,0,4.40000009536743,4,0.300000011920929,85,187,0
814,凉薯,91,55,85.1999969482422,0.899999976158142,0.100000001490116,0.800000011920929,12.6000003814697,0,0.0299999993294477,0.0299999993294477,0.300000011920929,0.860000014305115,5.5,21,0.600000023841858,33,13,0
815,萝卜,94,20,93.9000015258789,0.800000011920929,0.100000001490116,0.600000023841858,4,3,0.0299999993294477,0.0599999986588955,0.600000023841858,1,60,56,0.300000011920929,33,18,0
823,马铃薯,94,76,79.8000030517578,2,0.200000002980232,0.699999988079071,16.5,5,0.0799999982118607,0.0399999991059303,1.10000002384186,0.340000003576279,2.70000004768372,8,0.800000011920929,33,27,0
830,藕,88,70,80.5,1.89999997615814,0.200000002980232,1.20000004768372,15.1999998092651,3,0.0900000035762787,0.0299999993294477,0.300000011920929,0.730000019073486,44.2000007629395,39,1.39999997615814,33,44,0
836,甜萝卜（甜菜头，糖萝卜）,90,75,74.8000030517578,1,0.100000001490116,5.90000009536743,17.6000003814697,0,0.0500000007450581,0.0399999991059303,0.200000002980232,1.85000002384186,20.7999992370605,56,0.899999976158142,33,8,0
837,大白菜（酸，酸菜）,100,14,95.1999969482422,1.10000002384186,0.200000002980232,0.5,1.89999997615814,5,0.0199999995529652,0.0199999995529652,0.600000023841858,0.860000014305115,43.0999984741211,48,1.60000002384186,31,2,0
838,大白菜（小白口）,85,14,95.1999969482422,1.29999995231628,0.100000001490116,0.899999976158142,1.89999997615814,5,0.0199999995529652,0.0299999993294477,0.5,0.209999993443489,34.7999992370605,45,0.899999976158142,31,19,0
839,大葱（鲜）,82,30,91,1.70000004768372,0.300000011920929,1.29999995231628,5.19999980926514,10,0.0299999993294477,0.0500000007450581,0.5,0.300000011920929,4.80000019073486,29,0.699999988079071,31,17,0
840,大蒜（蒜头）,85,126,66.5999984741211,4.5,0.200000002980232,1.10000002384186,26.5,5,0.0399999991059303,0.0599999986588955,0.600000023841858,1.07000005245209,19.6000003814697,39,1.20000004768372,31,7,0
841,大蒜（脱水）,100,339,7.30000019073486,13.1999998092651,0.300000011920929,4.5,70.9000015258789,0,0.28999999165535,0,0,0,36.7999992370605,65,6.59999990463257,31,79,0
842,大蒜（紫皮）,89,136,63.7999992370605,5.19999980926514,0.200000002980232,1.20000004768372,28.3999996185303,3,0.28999999165535,0.0599999986588955,0.800000011920929,0.680000007152557,8.30000019073486,10,1.29999995231628,31,7,0
849,茴香菜,86,24,91.1999969482422,2.5,0.400000005960464,1.60000002384186,2.59999990463257,402,0.0599999986588955,0.0900000035762787,0.800000011920929,0.939999997615814,186.300003051758,154,1.20000004768372,31,26,0
851,芥菜,71,14,94.5999984741211,1.79999995231628,0.400000005960464,1.20000004768372,0.800000011920929,283,0.0199999995529652,0.109999999403954,0.5,0.639999985694885,29,28,1,31,72,0
856,韭菜,90,26,91.8000030517578,2.40000009536743,0.400000005960464,1.39999997615814,3.20000004768372,235,0.0199999995529652,0.0900000035762787,0.800000011920929,0.959999978542328,8.10000038146973,42,1.60000002384186,31,24,0
871,荠菜,88,27,90.5999984741211,2.90000009536743,0.400000005960464,1.70000004768372,3,432,0.0399999991059303,0.150000005960464,0.600000023841858,1.00999999046326,31.6000003814697,294,5.40000009536743,31,43,0
875,芹菜,100,31,89.4000015258789,2.59999990463257,0.600000023841858,2.20000004768372,3.70000004768372,488,0.0799999982118607,0.150000005960464,0.899999976158142,2.5,83,40,0.600000023841858,31,22,0
877,生菜,94,13,95.8000030517578,1.29999995231628,0.300000011920929,0.699999988079071,1.29999995231628,298,0.0299999993294477,0.0599999986588955,0.400000005960464,1.01999998092651,32.7999992370605,34,0.899999976158142,31,13,0
878,蒜（小蒜）,82,30,90.4000015258789,1,0.400000005960464,2,5.69999980926514,113,0.0299999993294477,0.119999997317791,0.5,0.239999994635582,17.2000007629395,89,1.20000004768372,31,28,0
880,蒜苗（蒜苔）,82,37,88.9000015258789,2.09999990463257,0.400000005960464,1.79999995231628,6.19999980926514,47,0.109999999403954,0.0799999982118607,0.5,0.810000002384186,5.09999990463257,29,1.39999997615814,31,35,0
881,汤菜,86,22,93.1999969482422,1.79999995231628,0.5,0.800000011920929,2.59999990463257,68,0,0.680000007152557,0.600000023841858,1.54999995231628,28,131,5.80000019073486,31,57,0
882,茼蒿（蓬蒿菜艾菜）,82,21,93,1.89999997615814,0.300000011920929,1.20000004768372,2.70000004768372,252,0.0399999991059303,0.0900000035762787,0.600000023841858,0.920000016689301,161.300003051758,73,2.5,31,18,0
883,空心菜,76,20,92.9000015258789,2.20000004768372,0.300000011920929,1.39999997615814,2.20000004768372,253,0.0299999993294477,0.0799999982118607,0.800000011920929,1.0900000333786,94.3000030517578,99,2.29999995231628,31,25,0
885,莴苣笋（莴苣）,62,14,95.5,1,0.100000001490116,0.600000023841858,2.20000004768372,25,0.0199999995529652,0.0199999995529652,0.5,0.189999997615814,36.5,23,0.899999976158142,31,4,0
886,莴苣叶（莴笋叶）,89,18,94.1999969482422,1.39999997615814,0.200000002980232,1,2.59999990463257,147,0.0599999986588955,0.100000001490116,0.400000005960464,0.579999983310699,39.0999984741211,34,1.5,31,13,0
887,苋菜,74,25,90.1999969482422,2.79999995231628,0.300000011920929,2.20000004768372,2.79999995231628,352,0.0299999993294477,0.119999997317791,0.800000011920929,0.360000014305115,32.4000015258789,187,5.40000009536743,31,47,0
889,香椿（香椿头）,76,47,85.1999969482422,1.70000004768372,0.400000005960464,1.79999995231628,9.10000038146973,117,0.0700000002980232,0.119999997317791,0.899999976158142,0.990000009536743,4.59999990463257,96,3.90000009536743,31,40,0
890,小白菜（青菜，白菜）,81,15,94.5,1.5,0.300000011920929,1.10000002384186,1.60000002384186,280,0.0199999995529652,0.0900000035762787,0.699999988079071,0.699999988079071,73.5,90,1.89999997615814,31,28,0
891,小葱,73,24,92.6999969482422,1.60000002384186,0.400000005960464,1.39999997615814,3.5,140,0.0500000007450581,0.0599999986588955,0.400000005960464,0.589999973773956,10.3999996185303,72,1.29999995231628,31,21,0
892,西兰花（绿菜花）,83,33,90.3000030517578,4.09999990463257,0.600000023841858,1.60000002384186,2.70000004768372,1202,0.0900000035762787,0.129999995231628,0.899999976158142,0.910000026226044,18.7999992370605,67,1,31,51,0
893,西洋菜（豆瓣菜，水田芥）,73,17,94.5,2.90000009536743,0.5,1.20000004768372,0.300000011920929,1592,0.00999999977648258,0.109999999403954,0.300000011920929,0.589999973773956,61.2000007629395,30,1,31,52,0
894,雪里蕻（雪菜，雪里红）,94,24,91.5,2,0.400000005960464,1.60000002384186,3.09999990463257,52,0.0299999993294477,0.109999999403954,0.5,0.740000009536743,30.5,230,3.20000004768372,31,31,0
895,油菜,87,23,92.9000015258789,1.79999995231628,0.5,1.10000002384186,2.70000004768372,103,0.0399999991059303,0.109999999403954,0.699999988079071,0.879999995231628,55.7999992370605,108,1.20000004768372,31,36,0
898,卷心菜,86,22,93.1999969482422,1.5,0.200000002980232,1,3.59999990463257,12,0.0299999993294477,0.0299999993294477,0.400000005960464,0.5,27.2000007629395,49,0.600000023841858,31,40,0
902,白瓜,83,10,96.1999969482422,0.899999976158142,0,0.899999976158142,1.70000004768372,0,0.0199999995529652,0.0399999991059303,0.100000001490116,0.200000002980232,1,6,0.100000001490116,32,16,0
905,菜瓜,88,18,95,0.600000023841858,0.200000002980232,0.400000005960464,3.5,3,0.0199999995529652,0.00999999977648258,0.200000002980232,0.0299999993294477,1.60000002384186,20,0.5,32,12,0
906,冬瓜,80,11,96.5999984741211,0.400000005960464,0.200000002980232,0.699999988079071,1.89999997615814,13,0.00999999977648258,0.00999999977648258,0.300000011920929,0.0799999982118607,1.79999995231628,19,0.200000002980232,32,18,0
909,哈蜜瓜,71,34,91,0.5,0.100000001490116,0.200000002980232,7.69999980926514,153,0,0.00999999977648258,0,0,26.7000007629395,4,0,32,12,0
910,黄瓜,92,15,95.8000030517578,0.800000011920929,0.200000002980232,0.5,2.40000009536743,15,0.0199999995529652,0.0299999993294477,0.200000002980232,0.46000000834465,4.90000009536743,24,0.5,32,9,0
918,苦瓜,81,19,93.4000015258789,1,0.100000001490116,1.39999997615814,3.5,17,0.0299999993294477,0.0299999993294477,0.400000005960464,0.850000023841858,2.5,14,0.699999988079071,32,56,0
923,南瓜,85,22,93.5,0.699999988079071,0.100000001490116,0.800000011920929,4.5,148,0.0299999993294477,0.0399999991059303,0.400000005960464,0.360000014305115,0.800000011920929,16,0.400000005960464,32,8,0
925,丝瓜,83,20,94.3000030517578,1,0.200000002980232,0.600000023841858,3.59999990463257,15,0.0199999995529652,0.0399999991059303,0.400000005960464,0.219999998807907,2.59999990463257,14,0.400000005960464,32,5,0
926,笋瓜（生瓜）,91,12,96.0999984741211,0.5,0,0.699999988079071,2.40000009536743,17,0.0399999991059303,0.0199999995529652,0,0.28999999165535,0,14,0.600000023841858,32,5,0
927,甜瓜,78,26,92.9000015258789,0.400000005960464,0.100000001490116,0.400000005960464,5.80000019073486,5,0.0199999995529652,0.0299999993294477,0.300000011920929,0.469999998807907,8.80000019073486,14,0.699999988079071,32,15,0
929,西瓜,56,25,93.3000030517578,0.600000023841858,0.100000001490116,0.300000011920929,5.5,75,0.0199999995529652,0.0299999993294477,0.200000002980232,0.100000001490116,3.20000004768372,8,0.300000011920929,32,6,0
935,茄子（长）,96,19,93.0999984741211,1,0.100000001490116,1.89999997615814,3.5,30,0.0299999993294477,0.0299999993294477,0.600000023841858,0.200000002980232,6.40000009536743,55,0.400000005960464,31,7,0
936,青椒,82,22,93,1,0.200000002980232,1.39999997615814,4,57,0.0299999993294477,0.0299999993294477,0.899999976158142,0.589999973773956,3.29999995231628,14,0.800000011920929,31,72,0
937,番茄,97,19,94.4000015258789,0.899999976158142,0.200000002980232,0.5,3.5,92,0.0299999993294477,0.0299999993294477,0.600000023841858,0.569999992847443,5,10,0.400000005960464,31,19,0
938,番茄（整，罐头）,100,21,93.5,2,0.600000023841858,0.800000011920929,1.79999995231628,192,0.0299999993294477,0.0199999995529652,0.800000011920929,1.6599999666214,246.899993896484,31,0.400000005960464,31,5,0
944,西红柿,100,13,95.5999984741211,0.600000023841858,0.100000001490116,0.800000011920929,2.40000009536743,88,0.0500000007450581,0.0199999995529652,1,1.19000005722046,0,15,0.400000005960464,31,8,0
945,茄子,93,21,93.4000015258789,1.10000002384186,0.200000002980232,1.29999995231628,3.59999990463257,8,0.0199999995529652,0.0399999991059303,0.600000023841858,1.12999999523163,5.40000009536743,24,0.5,31,5,0
959,黄瓜,100,99,62.7000007629395,2.79999995231628,0.200000002980232,1.20000004768372,21.6000003814697,0,0.0700000002980232,0.0299999993294477,0.400000005960464,0,0,96,4.09999990463257,84,0,0
971,萝卜干,100,60,67.6999969482422,3.29999995231628,0.200000002980232,3.40000009536743,11.1999998092651,0,0.0399999991059303,0.0900000035762787,0.899999976158142,0,4203,53,3.40000009536743,84,17,0
984,花生,100,581,1.79999995231628,24.1000003814697,44.4000015258789,4.30000019073486,21.2000007629395,0,0.119999997317791,0.100000001490116,18.8999996185303,14.9700002670288,445.100006103516,284,6.90000009536743,42,0,0
987,葵花子,100,606,7.80000019073486,19.1000003814697,53.4000015258789,4.5,12.1999998092651,0,1.79999995231628,0.159999996423721,4.5,79.0899963378906,50,1,2.90000009536743,42,0,0
993,南瓜子,68,574,4.09999990463257,36,46.0999984741211,4.09999990463257,3.79999995231628,0,0.0799999982118607,0.159999996423721,3.29999995231628,27.2800006866455,15.8000001907349,37,6.5,42,0,0
998,松子（炒）,31,619,3.59999990463257,14.1000003814697,58.5,12.3999996185303,9,5,0,0.109999999403954,3.79999995231628,25.2000007629395,3,161,5.19999980926514,42,0,0
1002,西瓜子,43,573,4.30000019073486,32.7000007629395,44.7999992370605,4.5,9.69999980926514,0,0.0399999991059303,0.0799999982118607,3.40000009536743,1.23000001907349,187.699996948242,28,8.19999980926514,42,0,0
1007,鸭蛋（咸）,88,190,61.2999992370605,12.6999998092651,12.6999998092651,0,6.30000019073486,134,0.159999996423721,0.330000013113022,0.100000001490116,6.25,2706.10009765625,118,3.59999990463257,54,0,647
1016,草鱼,58,112,77.3000030517578,16.6000003814697,5.19999980926514,0,0,11,0.0399999991059303,0.109999999403954,2.79999995231628,2.02999997138977,46,38,0.800000011920929,61,0,86
1020,带鱼,76,127,73.3000030517578,17.7000007629395,4.90000009536743,0,3.09999990463257,29,0.0199999995529652,0.0599999986588955,2.79999995231628,0.819999992847443,150.100006103516,28,1.20000004768372,61,0,76
1034,黄鳝（鳝鱼）,67,89,78,18,1.39999997615814,0,1.20000004768372,50,0.0599999986588955,0.980000019073486,3.70000004768372,1.3400000333786,70.1999969482422,42,2.5,61,0,126
1043,鲫鱼,54,108,75.4000015258789,17.1000003814697,2.70000004768372,0,3.79999995231628,17,0.0399999991059303,0.0900000035762787,2.5,0.680000007152557,41.2000007629395,79,1.29999995231628,61,0,130
1049,鲤鱼,54,109,76.6999969482422,17.6000003814697,4.09999990463257,0,0.5,25,0.0299999993294477,0.0900000035762787,2.70000004768372,1.26999998092651,53.7000007629395,50,1,61,0,84
1057,泥鳅,60,96,76.5999984741211,17.8999996185303,2,0,1.70000004768372,14,0.100000001490116,0.330000013113022,6.19999980926514,0.790000021457672,74.8000030517578,299,2.90000009536743,61,0,136
1072,鱼片干,100,303,20.2000007629395,46.0999984741211,3.40000009536743,0,22,0,0.109999999403954,0.389999985694885,5,0.879999995231628,2320.60009765625,106,4.40000009536743,61,0,307
1073,鱼子酱（大麻哈鱼）,100,252,49.4000015258789,10.8999996185303,16.7999992370605,0,14.3999996185303,111,0.330000013113022,0.189999997615814,0.5,12.25,0,23,2.79999995231628,61,0,486
1076,蚌肉,63,71,80.8000030517578,15,0.899999976158142,0,0.800000011920929,283,0.00999999977648258,0.219999998807907,0.400000005960464,0,6.09999990463257,190,50,62,0,148
1080,龙虾,46,90,77.5999984741211,18.8999996185303,1.10000002384186,0,1,0,0,0.0299999993294477,4.30000019073486,3.57999992370605,190,21,1.29999995231628,63,0,121
1084,虾米（海米）,100,195,37.4000015258789,43.7000007629395,2.59999990463257,0,0,21,0.00999999977648258,0.119999997317791,5,1.46000003814697,4891.89990234375,555,11,63,0,525
1087,蟹,55,95,77.0999984741211,13.8000001907349,2.29999995231628,0,4.69999980926514,30,0.00999999977648258,0.100000001490116,2.5,2.99000000953674,260,208,1.60000002384186,63,0,125
1118,饼干,100,433,5.69999980926514,9,12.6999998092651,1.10000002384186,70.5999984741211,37,0.0799999982118607,0.0399999991059303,4.69999980926514,4.57000017166138,204.100006103516,73,1.89999997615814,71,0,81
1129,橘子汁,100,119,70.0999984741211,0,0.100000001490116,0,29.6000003814697,2,0,0,0,0,18.6000003814697,4,0.100000001490116,85,2,0
1130,可可粉,100,320,7.5,24.6000003814697,8.39999961853027,14.3000001907349,36.5,22,0.0500000007450581,0.159999996423721,1.39999997615814,6.32999992370605,23,74,1,85,0,0
1133,巧克力豆奶,100,39,90.4000015258789,2.90000009536743,0.5,0,5.90000009536743,0,0.00999999977648258,0.0299999993294477,0.200000002980232,6,25.3999996185303,17,0.400000005960464,85,0,0
1134,汽水,100,20,94.9000015258789,0,0,0,0,10,0,0.0199999995529652,0,0,8.10000038146973,10,0.100000001490116,85,0,0
1144,鲜橘汁（纸盒）,100,30,92.5,0.100000001490116,0,0,7.40000009536743,3,0.0399999991059303,0,0,0,4.19999980926514,7,0.100000001490116,85,0,0
1148,雪糕（双棒）,100,137,69.6999969482422,2.29999995231628,3.59999990463257,0,23.8999996185303,45,0.00999999977648258,0.0199999995529652,0.100000001490116,0.779999971389771,51.0999984741211,100,0.800000011920929,85,0,38
1152,冰糖,100,397,0.600000023841858,0,0,0,99.3000030517578,0,0,0.0299999993294477,0,0,2.70000004768372,23,1.39999997615814,83,0,0
1163,巧克力,100,586,1,4.30000019073486,40.0999984741211,1.5,51.9000015258789,0,0.0599999986588955,0.0799999982118607,1.39999997615814,1.62000000476837,111.800003051758,111,1.70000004768372,83,0,0
1169,酥糖,100,436,3.29999995231628,6,13.8999996185303,4,71.5999984741211,0,0.100000001490116,0.0399999991059303,3.5,4.84999990463257,45,186,6,83,0,0
1176,粉皮,100,64,84.3000030517578,0.200000002980232,0.300000011920929,0,15,0,0.0299999993294477,0.00999999977648258,0,0,3.90000009536743,5,0.5,11,0,0
1177,粉丝,100,335,15,0.800000011920929,0.200000002980232,1.10000002384186,82.5999984741211,0,0.0299999993294477,0.0199999995529652,0.400000005960464,0,9.30000019073486,31,6.40000009536743,11,0,0
1179,凉粉,100,37,90.5,0.200000002980232,0.300000011920929,0.600000023841858,8.30000019073486,0,0.0199999995529652,0.00999999977648258,0.200000002980232,0,2.79999995231628,9,1.29999995231628,71,0,0
1197,芥茉,100,476,7.19999980926514,23.6000003814697,29.8999996185303,7.19999980926514,28.1000003814697,32,0.170000001788139,0.379999995231628,4.82999992370605,9.82999992370605,7.80000019073486,656,17.2000007629395,82,0,0
1211,甲鱼,70,118,75,17.7999992370605,4.30000019073486,0,2.09999990463257,139,0.0700000002980232,0.140000000596046,3.29999995231628,1.87999999523163,96.9000015258789,70,2.79999995231628,62,0,101
1217,蛇,78,91,78.5,15.6999998092651,1.70000004768372,0,3.29999995231628,23,0.0500000007450581,0.400000005960464,3.5,0.930000007152557,98.5999984741211,49,8.89999961853027,62,0,80
1218,田鸡,37,93,79.4000015258789,20.5,1.20000004768372,0,0,7,0.259999990463257,0.280000001192093,9,0.550000011920929,11.8000001907349,127,1.5,62,0,40
1221,芝麻（白）,100,517,5.30000019073486,18.3999996185303,39.5999984741211,9.80000019073486,21.7000007629395,0,0.360000014305115,0.259999990463257,3.79999995231628,38.2799987792969,32.2000007629395,620,14.1000003814697,82,0,0
1222,芝麻（黑）,100,531,5.69999980926514,19.1000003814697,46.0999984741211,14,10,0,0.660000026226044,0.25,5.90000009536743,50.4000015258789,8.30000019073486,780,22.7000007629395,82,0,0
1223,中国鲎,68,63,84.0999984741211,10.3000001907349,1.5,0,2.09999990463257,4,0.0799999982118607,0.46000000834465,1.89999997615814,2.29999995231628,0,38,1.79999995231628,63,0,160
1226,二锅头（58度）,,352,0,0,0,0,0,0,0.0500000007450581,0,0,0,0.5,1,0.100000001490116,86,0,0
1238,曲酒（55度）,,330,0,0,0,0,0,0,0,0,0,0,0,0,0,86,0,0
1247,小麦酒（48度）,,284,0,0,0,0,0,0,0,0,0,0,0.600000023841858,0,0,86,0,0
1250,白葡萄酒（11度）,,62,0,0.100000001490116,0,0,0,0,0.00999999977648258,0,0,0,2.79999995231628,23,0,86,0,0
1253,红葡萄酒（11.6度）,,65,0,0,0,0,0,0,0,0,0,0,0.699999988079071,0,0.200000002980232,86,0,0
1263,黄酒,,0,0,1.39999997615814,0,0,0,0,0.200000002980232,0.0599999986588955,0.5,0,19,104,0.5,86,0,0
1271,啤酒,,33,0,0.400000005960464,0,0,0,0,0,0.0299999993294477,0,0,0,0,0,86,0,0